----------------------------------------------------------------
-- users
----------------------------------------------------------------
INSERT INTO users (id, name, email, password, created_at, updated_at, deactived_at) VALUES ('1','Fanparking Admin','admin@fanparking.com', '$2y$10$iJAKJQG8e6X3h3L81Dzq3.oDtAv7S0pm2ql6vGYr3WNLAnIJuXs3q', '2023-12-07 00:00:00', '2023-12-07 00:00:00', NULL);
INSERT INTO users (id, name, email, password, created_at, updated_at, deactived_at) VALUES ('2','Ozey','ozey@gmail.com', '$2y$10$iJAKJQG8e6X3h3L81Dzq3.oDtAv7S0pm2ql6vGYr3WNLAnIJuXs3q', '2023-12-07 00:00:00', NULL, NULL);
INSERT INTO users (id, name, email, password, created_at, updated_at, deactived_at) VALUES ('3','Steve','steve@gmail.com', '$2y$10$iJAKJQG8e6X3h3L81Dzq3.oDtAv7S0pm2ql6vGYr3WNLAnIJuXs3q', '2023-12-07 00:00:00', '2023-12-07 00:00:00', NULL);
INSERT INTO users (id, name, email, password, created_at, updated_at, deactived_at) VALUES ('4','Mikkel','mikkel@gmail.com', '$2y$10$iJAKJQG8e6X3h3L81Dzq3.oDtAv7S0pm2ql6vGYr3WNLAnIJuXs3q', '2023-12-07 00:00:00', NULL, NULL);
INSERT INTO users (id, name, email, password, created_at, updated_at, deactived_at) VALUES ('5','John','john@gmail.com', '$2y$10$iJAKJQG8e6X3h3L81Dzq3.oDtAv7S0pm2ql6vGYr3WNLAnIJuXs3q', '2023-12-07 00:00:00', '2023-12-07 00:00:00', NULL);
INSERT INTO users (id, name, email, password, created_at, updated_at, deactived_at) VALUES ('6','Retza Pahlevi','retza@gmail.com', '$2y$10$iJAKJQG8e6X3h3L81Dzq3.oDtAv7S0pm2ql6vGYr3WNLAnIJuXs3q', '2023-12-07 00:00:00', '2023-12-07 00:00:00', NULL);
INSERT INTO users (id, name, email, password, created_at, updated_at, deactived_at) VALUES ('7','Raisul Amin','raisul@gmail.com', '$2y$10$iJAKJQG8e6X3h3L81Dzq3.oDtAv7S0pm2ql6vGYr3WNLAnIJuXs3q', '2023-12-07 00:00:00', NULL, NULL);
INSERT INTO users (id, name, email, password, created_at, updated_at, deactived_at) VALUES ('8','Farras Abdullah','farras@gmail.com', '$2y$10$iJAKJQG8e6X3h3L81Dzq3.oDtAv7S0pm2ql6vGYr3WNLAnIJuXs3q', '2023-12-07 00:00:00', '2023-12-07 00:00:00', NULL);
INSERT INTO users (id, name, email, password, created_at, updated_at, deactived_at) VALUES ('9','Muhammad Arfan','arfan@gmail.com', '$2y$10$iJAKJQG8e6X3h3L81Dzq3.oDtAv7S0pm2ql6vGYr3WNLAnIJuXs3q', '2023-12-07 00:00:00', NULL, NULL);

----------------------------------------------------------------
-- vehicle colors
----------------------------------------------------------------
INSERT into vehicle_colors (id, name, hex_code) VALUES ('1', 'red', 'ff0000');
INSERT into vehicle_colors (id, name, hex_code) VALUES ('2', 'yellow', 'FFFF00');
INSERT into vehicle_colors (id, name, hex_code) VALUES ('3', 'blue', '0000FF');
INSERT into vehicle_colors (id, name, hex_code) VALUES ('4', 'white', 'FFFFFF');
INSERT into vehicle_colors (id, name, hex_code) VALUES ('5', 'grey', '808080');
INSERT into vehicle_colors (id, name, hex_code) VALUES ('6', 'dark', '000000');
INSERT into vehicle_colors (id, name, hex_code) VALUES ('7', 'orange', 'FFA500');
INSERT into vehicle_colors (id, name, hex_code) VALUES ('8', 'brown', '964b00');
INSERT into vehicle_colors (id, name, hex_code) VALUES ('9', 'green', '008000');
INSERT into vehicle_colors (id, name, hex_code) VALUES ('10', 'purple', 'BF00FF');

----------------------------------------------------------------
-- vehicle types
----------------------------------------------------------------
INSERT into vehicle_types (id, type) VALUES ('1', 'SUV - BMW - BMW X5');
INSERT into vehicle_types (id, type) VALUES ('2', 'MPV - TOYOTA - TOYOTA KIJANG INNOVA');
INSERT into vehicle_types (id, type) VALUES ('3', 'SEDAN - HONDA - HONDA CIVIC TURBO');
INSERT into vehicle_types (id, type) VALUES ('4', 'ELECTRIC - WULING - WULING AIR EV');
INSERT into vehicle_types (id, type) VALUES ('5', 'LCGC - DAIHATSU - DAIHATSU SIGRA');
INSERT into vehicle_types (id, type) VALUES ('6', 'MATIC - YAMAHA - YAMAHA NMAX');
INSERT into vehicle_types (id, type) VALUES ('7', 'SPORT - HONDA - HONDA CBR');
INSERT into vehicle_types (id, type) VALUES ('8', 'MATIC - YAMAHA - YAMAHA MIO');
INSERT into vehicle_types (id, type) VALUES ('9', 'MATIC - SUZUKI - SUZUKI NEX');
INSERT into vehicle_types (id, type) VALUES ('10', 'SPORT - YAMAHA - YAMAHA R15');

----------------------------------------------------------------
-- vehicle rate per hours
----------------------------------------------------------------
INSERT into vehicle_rate_per_hours (id, rate) VALUES ('1', 2000);
INSERT into vehicle_rate_per_hours (id, rate) VALUES ('2', 3000);
INSERT into vehicle_rate_per_hours (id, rate) VALUES ('3', 5000);

----------------------------------------------------------------
-- vehicles
----------------------------------------------------------------
INSERT INTO `vehicles` (`id`, `vehicle_color_id`, `vehicle_type_id`, `vehicle_rate_per_hour_id`, `created_at`, `updated_at`) VALUES
(1, 1, 1, 3, '2020-12-12 00:00:00', NULL),
(2, 1, 2, 2, '2020-12-12 00:00:00', NULL),
(3, 1, 3, 2, '2020-12-12 00:00:00', NULL),
(4, 1, 4, 2, '2020-12-12 00:00:00', NULL),
(5, 1, 5, 2, '2020-12-12 00:00:00', NULL),
(6, 1, 6, 1, '2020-12-12 00:00:00', NULL),
(7, 1, 7, 1, '2020-12-12 00:00:00', NULL),
(8, 1, 8, 1, '2020-12-12 00:00:00', NULL),
(9, 1, 9, 1, '2020-12-12 00:00:00', NULL),
(10, 1, 10, 1, '2020-12-12 00:00:00', NULL),
(11, 2, 1, 3, '2020-12-12 00:00:00', NULL),
(12, 2, 2, 2, '2020-12-12 00:00:00', NULL),
(13, 2, 3, 2, '2020-12-12 00:00:00', NULL),
(14, 2, 4, 2, '2020-12-12 00:00:00', NULL),
(15, 2, 5, 2, '2020-12-12 00:00:00', NULL),
(16, 2, 6, 1, '2020-12-12 00:00:00', NULL),
(17, 2, 7, 1, '2020-12-12 00:00:00', NULL),
(18, 2, 8, 1, '2020-12-12 00:00:00', NULL),
(19, 2, 9, 1, '2020-12-12 00:00:00', NULL),
(20, 2, 10, 1, '2020-12-12 00:00:00', NULL),
(21, 3, 1, 3, '2020-12-12 00:00:00', NULL),
(22, 3, 2, 2, '2020-12-12 00:00:00', NULL),
(23, 3, 3, 2, '2020-12-12 00:00:00', NULL),
(24, 3, 4, 2, '2020-12-12 00:00:00', NULL),
(25, 3, 5, 2, '2020-12-12 00:00:00', NULL),
(26, 3, 6, 1, '2020-12-12 00:00:00', NULL),
(27, 3, 7, 1, '2020-12-12 00:00:00', NULL),
(28, 3, 8, 1, '2020-12-12 00:00:00', NULL),
(29, 3, 9, 1, '2020-12-12 00:00:00', NULL),
(30, 3, 10, 1, '2020-12-12 00:00:00', NULL),
(31, 5, 1, 3, '2020-12-12 00:00:00', NULL),
(32, 5, 2, 2, '2020-12-12 00:00:00', NULL),
(33, 5, 3, 2, '2020-12-12 00:00:00', NULL),
(34, 5, 4, 2, '2020-12-12 00:00:00', NULL),
(35, 5, 5, 2, '2020-12-12 00:00:00', NULL),
(36, 5, 6, 1, '2020-12-12 00:00:00', NULL),
(37, 5, 7, 1, '2020-12-12 00:00:00', NULL),
(38, 5, 8, 1, '2020-12-12 00:00:00', NULL),
(39, 5, 9, 1, '2020-12-12 00:00:00', NULL),
(40, 5, 10, 1, '2020-12-12 00:00:00', NULL),
(41, 6, 1, 3, '2020-12-12 00:00:00', NULL),
(42, 6, 2, 2, '2020-12-12 00:00:00', NULL),
(43, 6, 3, 2, '2020-12-12 00:00:00', NULL),
(44, 6, 4, 2, '2020-12-12 00:00:00', NULL),
(45, 6, 5, 2, '2020-12-12 00:00:00', NULL),
(46, 6, 6, 1, '2020-12-12 00:00:00', NULL),
(47, 6, 7, 1, '2020-12-12 00:00:00', NULL),
(48, 6, 8, 1, '2020-12-12 00:00:00', NULL),
(49, 6, 9, 1, '2020-12-12 00:00:00', NULL),
(50, 6, 10, 1, '2020-12-12 00:00:00', NULL),
(51, 4, 1, 3, '2020-12-12 00:00:00', NULL),
(52, 4, 2, 2, '2020-12-12 00:00:00', NULL),
(53, 4, 3, 2, '2020-12-12 00:00:00', NULL),
(54, 4, 4, 2, '2020-12-12 00:00:00', NULL),
(55, 4, 5, 2, '2020-12-12 00:00:00', NULL),
(56, 4, 6, 1, '2020-12-12 00:00:00', NULL),
(57, 4, 7, 1, '2020-12-12 00:00:00', NULL),
(58, 4, 8, 1, '2020-12-12 00:00:00', NULL),
(59, 4, 9, 1, '2020-12-12 00:00:00', NULL),
(60, 4, 10, 1, '2020-12-12 00:00:00', NULL),
(61, 7, 1, 3, '2020-12-12 00:00:00', NULL),
(62, 7, 2, 2, '2020-12-12 00:00:00', NULL),
(63, 7, 3, 2, '2020-12-12 00:00:00', NULL),
(64, 7, 4, 2, '2020-12-12 00:00:00', NULL),
(65, 7, 5, 2, '2020-12-12 00:00:00', NULL),
(66, 7, 6, 1, '2020-12-12 00:00:00', NULL),
(67, 7, 7, 1, '2020-12-12 00:00:00', NULL),
(68, 7, 8, 1, '2020-12-12 00:00:00', NULL),
(69, 7, 9, 1, '2020-12-12 00:00:00', NULL),
(70, 7, 10, 1, '2020-12-12 00:00:00', NULL),
(71, 8, 1, 3, '2020-12-12 00:00:00', NULL),
(72, 8, 2, 2, '2020-12-12 00:00:00', NULL),
(73, 8, 3, 2, '2020-12-12 00:00:00', NULL),
(74, 8, 4, 2, '2020-12-12 00:00:00', NULL),
(75, 8, 5, 2, '2020-12-12 00:00:00', NULL),
(76, 8, 6, 1, '2020-12-12 00:00:00', NULL),
(77, 8, 7, 1, '2020-12-12 00:00:00', NULL),
(78, 8, 8, 1, '2020-12-12 00:00:00', NULL),
(79, 8, 9, 1, '2020-12-12 00:00:00', NULL),
(80, 8, 10, 1, '2020-12-12 00:00:00', NULL),
(81, 9, 1, 3, '2020-12-12 00:00:00', NULL),
(82, 9, 2, 2, '2020-12-12 00:00:00', NULL),
(83, 9, 3, 2, '2020-12-12 00:00:00', NULL),
(84, 9, 4, 2, '2020-12-12 00:00:00', NULL),
(85, 9, 5, 2, '2020-12-12 00:00:00', NULL),
(86, 9, 6, 1, '2020-12-12 00:00:00', NULL),
(87, 9, 7, 1, '2020-12-12 00:00:00', NULL),
(88, 9, 8, 1, '2020-12-12 00:00:00', NULL),
(89, 9, 9, 1, '2020-12-12 00:00:00', NULL),
(90, 9, 10, 1, '2020-12-12 00:00:00', NULL),
(91, 10, 1, 3, '2020-12-12 00:00:00', NULL),
(92, 10, 2, 2, '2020-12-12 00:00:00', NULL),
(93, 10, 3, 2, '2020-12-12 00:00:00', NULL),
(94, 10, 4, 2, '2020-12-12 00:00:00', NULL),
(95, 10, 5, 2, '2020-12-12 00:00:00', NULL),
(96, 10, 6, 1, '2020-12-12 00:00:00', NULL),
(97, 10, 7, 1, '2020-12-12 00:00:00', NULL),
(98, 10, 8, 1, '2020-12-12 00:00:00', NULL),
(99, 10, 9, 1, '2020-12-12 00:00:00', NULL),
(100, 10, 10, 1, '2020-12-12 00:00:00', NULL);

----------------------------------------------------------------
-- parked vehicles
----------------------------------------------------------------
INSERT INTO `parked_vehicles` (`id`, `vehicle_id`, `plate_number`, `entered_by_user_id`, `entered_at`, `left_by_user_id`, `left_at`) VALUES
(1, 78, 'V 1419 CA', 1, '2023-06-16 14:32:43', NULL, NULL),
(2, 28, 'MN 0764 GHB', 4, '2023-06-16 14:32:43', 5, '2023-06-23 14:32:43'),
(3, 79, 'DH 9127 BXQ', 1, '2023-06-16 14:32:43', NULL, NULL),
(4, 53, 'YX 8296 AXT', 3, '2023-06-16 14:32:43', NULL, NULL),
(5, 9, 'W 4309 RJ', 2, '2023-06-16 14:32:43', 3, '2023-06-18 14:32:43'),
(6, 29, 'LC 5010 ZQ', 4, '2023-06-16 14:32:43', 5, '2023-06-26 14:32:43'),
(7, 35, 'U 2600 CL', 1, '2023-06-16 14:32:43', NULL, NULL),
(8, 70, 'MQ 9310 HH', 1, '2023-06-16 14:32:43', NULL, NULL),
(9, 85, 'IP 3102 EK', 1, '2023-06-16 14:32:43', NULL, NULL),
(10, 27, 'AY 1663 OQ', 2, '2023-06-17 14:32:43', 3, '2023-06-24 14:32:43'),
(11, 86, 'F 0409 XBH', 4, '2023-06-17 14:32:43', NULL, NULL),
(12, 25, 'U 3550 MWU', 4, '2023-06-17 14:32:43', NULL, NULL),
(13, 91, 'TN 8634 YP', 4, '2023-06-17 14:32:43', 5, '2023-06-19 14:32:43'),
(14, 94, 'IR 7992 WED', 1, '2023-06-17 14:32:43', NULL, NULL),
(15, 56, 'KN 8346 MAI', 4, '2023-06-17 14:32:43', NULL, NULL),
(16, 36, 'Q 1582 KRR', 2, '2023-06-17 14:32:43', NULL, NULL),
(17, 25, 'R 5530 XX', 4, '2023-06-17 14:32:43', NULL, NULL),
(18, 90, 'V 7404 CIP', 1, '2023-06-17 14:32:43', 2, '2023-06-27 14:32:43'),
(19, 45, 'G 2537 CXE', 2, '2023-06-18 14:32:43', NULL, NULL),
(20, 7, 'WS 9458 QMC', 4, '2023-06-18 14:32:43', 5, '2023-06-25 14:32:43'),
(21, 23, 'MF 4432 SF', 2, '2023-06-18 14:32:43', 3, '2023-06-29 14:32:43'),
(22, 89, 'GW 6223 AVP', 3, '2023-06-18 14:32:43', 4, '2023-06-20 14:32:43'),
(23, 23, 'CK 7167 RL', 4, '2023-06-18 14:32:43', NULL, NULL),
(24, 74, 'AL 8171 UZ', 1, '2023-06-18 14:32:43', NULL, NULL),
(25, 81, 'LL 5884 HO', 2, '2023-06-18 14:32:43', NULL, NULL),
(26, 73, 'GN 9423 HUD', 2, '2023-06-18 14:32:43', NULL, NULL),
(27, 47, 'G 9784 BQW', 3, '2023-06-18 14:32:43', NULL, NULL),
(28, 1, 'G 3445 KZ', 3, '2023-06-19 14:32:43', 4, '2023-06-21 14:32:43'),
(29, 97, 'P 3786 SRF', 2, '2023-06-19 14:32:43', 3, '2023-06-23 14:32:43'),
(30, 57, 'QZ 5902 PBK', 2, '2023-06-19 14:32:43', NULL, NULL),
(31, 43, 'D 6616 VOO', 1, '2023-06-19 14:32:43', NULL, NULL),
(32, 39, 'BZ 3757 OF', 3, '2023-06-19 14:32:43', NULL, NULL),
(33, 70, 'O 2545 DWH', 3, '2023-06-19 14:32:43', NULL, NULL),
(34, 26, 'R 2343 FRB', 2, '2023-06-19 14:32:43', 3, '2023-06-27 14:32:43'),
(35, 2, 'F 9643 SR', 3, '2023-06-19 14:32:43', 4, '2023-07-03 14:32:43'),
(36, 47, 'UP 1026 JP', 3, '2023-06-19 14:32:43', 4, '2023-06-23 14:32:43'),
(37, 23, 'U 4135 IG', 3, '2023-06-20 14:32:43', NULL, NULL),
(38, 17, 'A 2582 EO', 1, '2023-06-20 14:32:43', 2, '2023-06-27 14:32:43'),
(39, 45, 'G 5872 DV', 4, '2023-06-20 14:32:43', 5, '2023-06-24 14:32:43'),
(40, 53, 'D 7336 PV', 1, '2023-06-20 14:32:43', 2, '2023-06-29 14:32:43'),
(41, 88, 'O 9160 BRI', 3, '2023-06-20 14:32:43', NULL, NULL),
(42, 14, 'DQ 7300 ZZ', 3, '2023-06-20 14:32:43', 4, '2023-07-05 14:32:43'),
(43, 20, 'QP 2466 IL', 4, '2023-06-20 14:32:43', NULL, NULL),
(44, 97, 'TB 6558 OJ', 4, '2023-06-20 14:32:43', 5, '2023-06-23 14:32:43'),
(45, 29, 'KS 4089 FQ', 2, '2023-06-20 14:32:43', 3, '2023-07-05 14:32:43'),
(46, 31, 'H 9016 QWH', 1, '2023-06-21 14:32:43', 2, '2023-06-27 14:32:43'),
(47, 62, 'I 5461 EC', 3, '2023-06-21 14:32:43', NULL, NULL),
(48, 88, 'ZW 4619 JWI', 2, '2023-06-21 14:32:43', 3, '2023-06-23 14:32:43'),
(49, 89, 'QW 6602 LJN', 4, '2023-06-21 14:32:43', NULL, NULL),
(50, 55, 'O 8826 QV', 4, '2023-06-21 14:32:43', NULL, NULL),
(51, 56, 'CC 6548 CE', 4, '2023-06-21 14:32:43', 5, '2023-07-01 14:32:43'),
(52, 78, 'D 6517 OI', 1, '2023-06-21 14:32:43', 2, '2023-06-25 14:32:43'),
(53, 59, 'A 1724 LBL', 2, '2023-06-21 14:32:43', 3, '2023-07-04 14:32:43'),
(54, 69, 'HU 9190 LIB', 3, '2023-06-21 14:32:43', NULL, NULL),
(55, 38, 'VP 8953 ZW', 2, '2023-06-22 14:32:43', NULL, NULL),
(56, 12, 'SW 8853 WUT', 1, '2023-06-22 14:32:43', NULL, NULL),
(57, 75, 'UI 9522 ZN', 3, '2023-06-22 14:32:43', NULL, NULL),
(58, 62, 'ZM 4650 ARX', 4, '2023-06-22 14:32:43', NULL, NULL),
(59, 94, 'VT 7939 UQ', 2, '2023-06-22 14:32:43', NULL, NULL),
(60, 23, 'PC 0815 GXY', 3, '2023-06-22 14:32:43', 4, '2023-06-25 14:32:43'),
(61, 80, 'I 8018 JHP', 4, '2023-06-22 14:32:43', 5, '2023-07-04 14:32:43'),
(62, 72, 'Z 0839 ZTJ', 2, '2023-06-22 14:32:43', NULL, NULL),
(63, 57, 'W 2085 RND', 3, '2023-06-22 14:32:43', NULL, NULL),
(64, 75, 'JX 1123 SVU', 3, '2023-06-23 14:32:43', NULL, NULL),
(65, 79, 'K 8734 KX', 3, '2023-06-23 14:32:43', NULL, NULL),
(66, 40, 'GW 8060 UAL', 4, '2023-06-23 14:32:43', NULL, NULL),
(67, 81, 'SW 2198 LB', 1, '2023-06-23 14:32:43', 2, '2023-07-01 14:32:43'),
(68, 43, 'UJ 3115 BJM', 3, '2023-06-23 14:32:43', 4, '2023-06-24 14:32:43'),
(69, 38, 'DM 0541 LC', 1, '2023-06-23 14:32:43', 2, '2023-06-26 14:32:43'),
(70, 25, 'S 3076 BM', 3, '2023-06-23 14:32:43', NULL, NULL),
(71, 40, 'V 0130 WBX', 1, '2023-06-23 14:32:43', NULL, NULL),
(72, 14, 'U 7095 TSZ', 3, '2023-06-23 14:32:43', 4, '2023-06-28 14:32:43'),
(73, 62, 'W 9523 YPF', 4, '2023-06-24 14:32:43', NULL, NULL),
(74, 19, 'LO 0569 IPV', 4, '2023-06-24 14:32:43', 5, '2023-06-29 14:32:43'),
(75, 80, 'DP 4979 ISG', 4, '2023-06-24 14:32:43', 5, '2023-06-29 14:32:43'),
(76, 11, 'ZD 2869 MIB', 4, '2023-06-24 14:32:43', NULL, NULL),
(77, 80, 'NT 3377 NU', 4, '2023-06-24 14:32:43', NULL, NULL),
(78, 85, 'O 8116 JA', 1, '2023-06-24 14:32:43', NULL, NULL),
(79, 77, 'D 9776 HST', 2, '2023-06-24 14:32:43', NULL, NULL),
(80, 72, 'WN 8084 SJ', 2, '2023-06-24 14:32:43', 3, '2023-07-03 14:32:43'),
(81, 3, 'L 2125 PN', 3, '2023-06-24 14:32:43', NULL, NULL),
(82, 58, 'R 4493 DDT', 1, '2023-06-25 14:32:43', 2, '2023-06-27 14:32:43'),
(83, 19, 'US 4774 NL', 2, '2023-06-25 14:32:43', NULL, NULL),
(84, 10, 'DJ 6258 YA', 1, '2023-06-25 14:32:43', 2, '2023-07-10 14:32:43'),
(85, 77, 'L 2100 YLT', 3, '2023-06-25 14:32:43', 4, '2023-06-28 14:32:43'),
(86, 17, 'XR 1121 YL', 4, '2023-06-25 14:32:43', NULL, NULL),
(87, 82, 'BP 7826 SB', 3, '2023-06-25 14:32:43', NULL, NULL),
(88, 90, 'JO 7201 FND', 2, '2023-06-25 14:32:43', NULL, NULL),
(89, 84, 'TA 9201 END', 1, '2023-06-25 14:32:43', NULL, NULL),
(90, 22, 'W 2372 VQ', 3, '2023-06-25 14:32:43', NULL, NULL),
(91, 27, 'O 4279 LQV', 1, '2023-06-26 14:32:43', NULL, NULL),
(92, 12, 'V 8242 ZKH', 3, '2023-06-26 14:32:43', 4, '2023-06-27 14:32:43'),
(93, 39, 'P 6742 HNV', 1, '2023-06-26 14:32:43', NULL, NULL),
(94, 33, 'D 5596 YXE', 1, '2023-06-26 14:32:43', 2, '2023-07-08 14:32:43'),
(95, 30, 'T 8705 NQ', 2, '2023-06-26 14:32:43', 3, '2023-07-09 14:32:43'),
(96, 83, 'O 9688 QV', 4, '2023-06-26 14:32:43', NULL, NULL),
(97, 64, 'RV 4191 DJ', 1, '2023-06-26 14:32:43', NULL, NULL),
(98, 51, 'MH 9878 EA', 3, '2023-06-26 14:32:43', NULL, NULL),
(99, 29, 'PO 1932 HYG', 3, '2023-06-26 14:32:43', NULL, NULL),
(100, 51, 'YU 2351 WUM', 1, '2023-06-27 14:32:43', NULL, NULL),
(101, 48, 'F 7031 OZZ', 1, '2023-06-27 14:32:43', 2, '2023-07-06 14:32:43'),
(102, 99, 'CS 9164 KY', 3, '2023-06-27 14:32:43', NULL, NULL),
(103, 13, 'H 5719 SRY', 3, '2023-06-27 14:32:43', NULL, NULL),
(104, 36, 'XD 1248 EU', 1, '2023-06-27 14:32:43', NULL, NULL),
(105, 6, 'PJ 0579 JSJ', 2, '2023-06-27 14:32:43', NULL, NULL),
(106, 73, 'R 1520 AK', 1, '2023-06-27 14:32:43', NULL, NULL),
(107, 26, 'K 1065 YM', 1, '2023-06-27 14:32:43', NULL, NULL),
(108, 54, 'W 2354 RCG', 2, '2023-06-27 14:32:43', 3, '2023-07-01 14:32:43'),
(109, 10, 'UG 7735 YPU', 2, '2023-06-28 14:32:43', 3, '2023-07-08 14:32:43'),
(110, 48, 'AL 9301 EEY', 4, '2023-06-28 14:32:43', NULL, NULL),
(111, 26, 'KU 6748 VAT', 2, '2023-06-28 14:32:43', NULL, NULL),
(112, 54, 'GE 4335 OS', 4, '2023-06-28 14:32:43', 5, '2023-07-08 14:32:43'),
(113, 64, 'TG 8080 UG', 2, '2023-06-28 14:32:43', NULL, NULL),
(114, 72, 'L 3008 LAS', 3, '2023-06-28 14:32:43', NULL, NULL),
(115, 56, 'EO 3255 EJJ', 4, '2023-06-28 14:32:43', 5, '2023-07-07 14:32:43'),
(116, 25, 'SG 4785 NO', 3, '2023-06-28 14:32:43', 4, '2023-07-03 14:32:43'),
(117, 42, 'BC 0090 DZS', 4, '2023-06-28 14:32:43', 5, '2023-07-09 14:32:43'),
(118, 79, 'VE 5380 WAC', 2, '2023-06-29 14:32:43', 3, '2023-07-02 14:32:43'),
(119, 22, 'PL 0164 ZP', 2, '2023-06-29 14:32:43', NULL, NULL),
(120, 51, 'CU 0790 TIU', 3, '2023-06-29 14:32:43', NULL, NULL),
(121, 52, 'DD 9176 AET', 4, '2023-06-29 14:32:43', 5, '2023-07-03 14:32:43'),
(122, 55, 'KI 5140 UUU', 2, '2023-06-29 14:32:43', 3, '2023-07-05 14:32:43'),
(123, 63, 'O 6999 EW', 4, '2023-06-29 14:32:43', 5, '2023-07-11 14:32:43'),
(124, 41, 'K 2205 MKT', 3, '2023-06-29 14:32:43', NULL, NULL),
(125, 1, 'Y 6079 BXK', 4, '2023-06-29 14:32:43', 5, '2023-07-14 14:32:43'),
(126, 73, 'K 0678 YF', 2, '2023-06-29 14:32:43', 3, '2023-07-03 14:32:43'),
(127, 88, 'M 1378 VAA', 1, '2023-06-30 14:32:43', 2, '2023-07-02 14:32:43'),
(128, 95, 'T 2548 KDV', 2, '2023-06-30 14:32:43', 3, '2023-07-06 14:32:43'),
(129, 56, 'SD 7945 RUV', 2, '2023-06-30 14:32:43', NULL, NULL),
(130, 18, 'I 3624 VF', 3, '2023-06-30 14:32:43', NULL, NULL),
(131, 36, 'QJ 0675 MOO', 4, '2023-06-30 14:32:43', 5, '2023-07-08 14:32:43'),
(132, 38, 'LV 9747 MG', 4, '2023-06-30 14:32:43', NULL, NULL),
(133, 10, 'EJ 7926 WGI', 4, '2023-06-30 14:32:43', 5, '2023-07-05 14:32:43'),
(134, 15, 'O 7602 SDU', 3, '2023-06-30 14:32:43', NULL, NULL),
(135, 91, 'P 1545 NLO', 2, '2023-06-30 14:32:43', 3, '2023-07-01 14:32:43'),
(136, 50, 'BH 3751 MA', 2, '2023-07-01 14:32:43', NULL, NULL),
(137, 64, 'RW 3741 JHS', 4, '2023-07-01 14:32:43', NULL, NULL),
(138, 27, 'S 2141 VW', 4, '2023-07-01 14:32:43', 5, '2023-07-09 14:32:43'),
(139, 74, 'I 6636 PTH', 2, '2023-07-01 14:32:43', 3, '2023-07-06 14:32:43'),
(140, 42, 'P 1910 YDV', 1, '2023-07-01 14:32:43', NULL, NULL),
(141, 85, 'Q 9913 YYF', 1, '2023-07-01 14:32:43', 2, '2023-07-16 14:32:43'),
(142, 53, 'UC 3682 GW', 1, '2023-07-01 14:32:43', NULL, NULL),
(143, 64, 'WB 9808 LAQ', 2, '2023-07-01 14:32:43', NULL, NULL),
(144, 72, 'M 9764 XRF', 4, '2023-07-01 14:32:43', 5, '2023-07-12 14:32:43'),
(145, 18, 'UI 5843 BZU', 1, '2023-07-02 14:32:43', NULL, NULL),
(146, 18, 'SG 7751 YXZ', 3, '2023-07-02 14:32:43', 4, '2023-07-05 14:32:43'),
(147, 24, 'H 2378 BU', 4, '2023-07-02 14:32:43', NULL, NULL),
(148, 14, 'DV 6571 LY', 1, '2023-07-02 14:32:43', 2, '2023-07-08 14:32:43'),
(149, 85, 'FR 2518 XHN', 3, '2023-07-02 14:32:43', 4, '2023-07-03 14:32:43'),
(150, 63, 'V 5259 AOG', 2, '2023-07-02 14:32:43', 3, '2023-07-03 14:32:43'),
(151, 71, 'JA 2601 LZ', 3, '2023-07-02 14:32:43', NULL, NULL),
(152, 58, 'C 2092 PHH', 2, '2023-07-02 14:32:43', 3, '2023-07-16 14:32:43'),
(153, 23, 'F 9350 IIV', 1, '2023-07-02 14:32:43', 2, '2023-07-17 14:32:43'),
(154, 25, 'R 3214 RD', 3, '2023-07-03 14:32:43', NULL, NULL),
(155, 12, 'W 3774 VA', 1, '2023-07-03 14:32:43', 2, '2023-07-08 14:32:43'),
(156, 29, 'FS 1105 NV', 1, '2023-07-03 14:32:43', 2, '2023-07-08 14:32:43'),
(157, 61, 'AI 7481 HG', 3, '2023-07-03 14:32:43', 4, '2023-07-05 14:32:43'),
(158, 11, 'P 1400 FX', 3, '2023-07-03 14:32:43', NULL, NULL),
(159, 16, 'ZP 8164 HQ', 4, '2023-07-03 14:32:43', 5, '2023-07-08 14:32:43'),
(160, 67, 'IB 5035 AC', 3, '2023-07-03 14:32:43', NULL, NULL),
(161, 16, 'WM 9210 EC', 1, '2023-07-03 14:32:43', 2, '2023-07-18 14:32:43'),
(162, 21, 'FE 0380 AO', 4, '2023-07-03 14:32:43', NULL, NULL),
(163, 95, 'VC 8236 HZP', 2, '2023-07-04 14:32:43', NULL, NULL),
(164, 10, 'TY 1980 UYO', 2, '2023-07-04 14:32:43', NULL, NULL),
(165, 30, 'UG 8775 OWA', 1, '2023-07-04 14:32:43', 2, '2023-07-16 14:32:43'),
(166, 85, 'Z 2191 SH', 2, '2023-07-04 14:32:43', 3, '2023-07-07 14:32:43'),
(167, 61, 'PE 8767 XL', 4, '2023-07-04 14:32:43', NULL, NULL),
(168, 48, 'O 3436 EI', 4, '2023-07-04 14:32:43', 5, '2023-07-10 14:32:43'),
(169, 14, 'H 2871 JD', 2, '2023-07-04 14:32:43', NULL, NULL),
(170, 15, 'A 9931 VYF', 4, '2023-07-04 14:32:43', 5, '2023-07-14 14:32:43'),
(171, 33, 'ON 4968 DT', 1, '2023-07-04 14:32:43', NULL, NULL),
(172, 81, 'CD 9355 RK', 2, '2023-07-05 14:32:43', 3, '2023-07-19 14:32:43'),
(173, 95, 'RP 1380 AO', 3, '2023-07-05 14:32:43', 4, '2023-07-13 14:32:43'),
(174, 39, 'RK 0591 HEE', 4, '2023-07-05 14:32:43', 5, '2023-07-15 14:32:43'),
(175, 51, 'VJ 3266 VUB', 2, '2023-07-05 14:32:43', NULL, NULL),
(176, 22, 'MC 6955 LF', 2, '2023-07-05 14:32:43', 3, '2023-07-20 14:32:43'),
(177, 70, 'YQ 4392 JNV', 4, '2023-07-05 14:32:43', 5, '2023-07-19 14:32:43'),
(178, 10, 'H 7497 BL', 1, '2023-07-05 14:32:43', 2, '2023-07-08 14:32:43'),
(179, 35, 'D 7882 UD', 1, '2023-07-05 14:32:43', NULL, NULL),
(180, 49, 'DR 8795 KZ', 2, '2023-07-05 14:32:43', 3, '2023-07-20 14:32:43'),
(181, 52, 'W 9827 HUP', 3, '2023-07-06 14:32:43', 4, '2023-07-18 14:32:43'),
(182, 57, 'OV 8295 KP', 1, '2023-07-06 14:32:43', NULL, NULL),
(183, 52, 'H 1276 IPO', 3, '2023-07-06 14:32:43', 4, '2023-07-08 14:32:43'),
(184, 61, 'RA 1977 JDS', 4, '2023-07-06 14:32:43', NULL, NULL),
(185, 70, 'NP 0333 OSJ', 3, '2023-07-06 14:32:43', 4, '2023-07-07 14:32:43'),
(186, 91, 'LV 2213 PP', 1, '2023-07-06 14:32:43', 2, '2023-07-14 14:32:43'),
(187, 57, 'L 0616 KX', 1, '2023-07-06 14:32:43', 2, '2023-07-14 14:32:43'),
(188, 79, 'P 5689 LFW', 1, '2023-07-06 14:32:43', NULL, NULL),
(189, 62, 'HD 2344 HYU', 1, '2023-07-06 14:32:43', NULL, NULL),
(190, 49, 'W 1906 JHV', 3, '2023-07-07 14:32:43', NULL, NULL),
(191, 90, 'JW 8375 HDF', 3, '2023-07-07 14:32:43', NULL, NULL),
(192, 92, 'PZ 8419 RH', 4, '2023-07-07 14:32:43', 5, '2023-07-18 14:32:43'),
(193, 39, 'SR 4947 NR', 4, '2023-07-07 14:32:43', NULL, NULL),
(194, 48, 'O 9072 FE', 2, '2023-07-07 14:32:43', 3, '2023-07-17 14:32:43'),
(195, 95, 'F 7018 LB', 3, '2023-07-07 14:32:43', 4, '2023-07-13 14:32:43'),
(196, 54, 'GZ 7302 EHA', 1, '2023-07-07 14:32:43', NULL, NULL),
(197, 48, 'YP 5076 MN', 4, '2023-07-07 14:32:43', 5, '2023-07-15 14:32:43'),
(198, 23, 'TM 0662 CGJ', 2, '2023-07-07 14:32:43', NULL, NULL),
(199, 34, 'OA 2797 JP', 3, '2023-07-08 14:32:43', NULL, NULL),
(200, 56, 'L 7194 JO', 2, '2023-07-08 14:32:43', NULL, NULL),
(201, 95, 'Y 1276 SDZ', 1, '2023-07-08 14:32:43', 2, '2023-07-19 14:32:43'),
(202, 17, 'G 5374 QK', 3, '2023-07-08 14:32:43', 4, '2023-07-15 14:32:43'),
(203, 70, 'IP 2766 NH', 2, '2023-07-08 14:32:43', NULL, NULL),
(204, 36, 'E 1832 QLL', 3, '2023-07-08 14:32:43', NULL, NULL),
(205, 47, 'J 3243 JTI', 4, '2023-07-08 14:32:43', 5, '2023-07-11 14:32:43'),
(206, 49, 'KJ 9698 VDJ', 4, '2023-07-08 14:32:43', 5, '2023-07-19 14:32:43'),
(207, 70, 'ZE 9389 FFG', 2, '2023-07-08 14:32:43', NULL, NULL),
(208, 46, 'JN 8096 CL', 1, '2023-07-09 14:32:43', NULL, NULL),
(209, 80, 'B 0269 ZHW', 4, '2023-07-09 14:32:43', NULL, NULL),
(210, 15, 'FV 4196 DS', 4, '2023-07-09 14:32:43', NULL, NULL),
(211, 55, 'GO 0193 YHX', 3, '2023-07-09 14:32:43', 4, '2023-07-10 14:32:43'),
(212, 55, 'L 6626 NC', 2, '2023-07-09 14:32:43', NULL, NULL),
(213, 43, 'FP 4074 SRI', 4, '2023-07-09 14:32:43', 5, '2023-07-18 14:32:43'),
(214, 61, 'F 3574 YNO', 3, '2023-07-09 14:32:43', NULL, NULL),
(215, 54, 'G 2265 OY', 2, '2023-07-09 14:32:43', 3, '2023-07-17 14:32:43'),
(216, 20, 'X 3073 LJT', 2, '2023-07-09 14:32:43', NULL, NULL),
(217, 11, 'HA 1673 RWT', 2, '2023-07-10 14:32:43', 3, '2023-07-19 14:32:43'),
(218, 43, 'EH 4274 CVV', 2, '2023-07-10 14:32:43', 3, '2023-07-23 14:32:43'),
(219, 7, 'P 8678 QN', 2, '2023-07-10 14:32:43', NULL, NULL),
(220, 24, 'TX 3715 MP', 2, '2023-07-10 14:32:43', 3, '2023-07-25 14:32:43'),
(221, 61, 'P 1151 KV', 3, '2023-07-10 14:32:43', 4, '2023-07-13 14:32:43'),
(222, 49, 'IM 7240 OA', 4, '2023-07-10 14:32:43', NULL, NULL),
(223, 23, 'G 4476 OF', 2, '2023-07-10 14:32:43', 3, '2023-07-16 14:32:43'),
(224, 9, 'OZ 7690 OKH', 3, '2023-07-10 14:32:43', NULL, NULL),
(225, 99, 'D 6360 OIM', 2, '2023-07-10 14:32:43', NULL, NULL),
(226, 33, 'PJ 6439 TSN', 1, '2023-07-11 14:32:43', NULL, NULL),
(227, 85, 'HU 6921 CP', 4, '2023-07-11 14:32:43', 5, '2023-07-26 14:32:43'),
(228, 2, 'E 7872 IMC', 3, '2023-07-11 14:32:43', 4, '2023-07-22 14:32:43'),
(229, 47, 'T 5762 QEY', 1, '2023-07-11 14:32:43', 2, '2023-07-14 14:32:43'),
(230, 69, 'B 4006 UPM', 3, '2023-07-11 14:32:43', 4, '2023-07-26 14:32:43'),
(231, 53, 'A 1428 IH', 3, '2023-07-11 14:32:43', 4, '2023-07-23 14:32:43'),
(232, 34, 'R 8415 UL', 1, '2023-07-11 14:32:43', NULL, NULL),
(233, 24, 'E 1536 MD', 3, '2023-07-11 14:32:43', 4, '2023-07-14 14:32:43'),
(234, 53, 'OB 5845 GYG', 1, '2023-07-11 14:32:43', 2, '2023-07-21 14:32:43'),
(235, 31, 'PO 8209 JGP', 1, '2023-07-12 14:32:43', NULL, NULL),
(236, 29, 'PY 6213 IR', 1, '2023-07-12 14:32:43', 2, '2023-07-22 14:32:43'),
(237, 90, 'PU 4322 VTS', 4, '2023-07-12 14:32:43', NULL, NULL),
(238, 57, 'YL 3326 BGA', 3, '2023-07-12 14:32:43', 4, '2023-07-13 14:32:43'),
(239, 38, 'KO 7963 UV', 1, '2023-07-12 14:32:43', 2, '2023-07-21 14:32:43'),
(240, 13, 'IQ 9976 LKF', 4, '2023-07-12 14:32:43', NULL, NULL),
(241, 33, 'K 0799 IT', 4, '2023-07-12 14:32:43', 5, '2023-07-25 14:32:43'),
(242, 52, 'II 4482 SO', 3, '2023-07-12 14:32:43', NULL, NULL),
(243, 74, 'D 3012 YV', 3, '2023-07-12 14:32:43', NULL, NULL),
(244, 56, 'Y 1215 ZLU', 1, '2023-07-13 14:32:43', NULL, NULL),
(245, 97, 'MP 4341 NWZ', 4, '2023-07-13 14:32:43', 5, '2023-07-21 14:32:43'),
(246, 3, 'VO 0193 RJ', 2, '2023-07-13 14:32:43', 3, '2023-07-28 14:32:43'),
(247, 92, 'UJ 8917 AJA', 1, '2023-07-13 14:32:43', NULL, NULL),
(248, 99, 'AH 1219 BXL', 2, '2023-07-13 14:32:43', NULL, NULL),
(249, 19, 'QK 2483 WNV', 2, '2023-07-13 14:32:43', NULL, NULL),
(250, 72, 'H 3791 NV', 4, '2023-07-13 14:32:43', NULL, NULL),
(251, 62, 'XU 7478 XC', 2, '2023-07-13 14:32:43', NULL, NULL),
(252, 94, 'U 0898 IJ', 3, '2023-07-13 14:32:43', NULL, NULL),
(253, 70, 'EY 4471 HW', 1, '2023-07-14 14:32:43', 2, '2023-07-26 14:32:43'),
(254, 14, 'NZ 5113 GHL', 4, '2023-07-14 14:32:43', NULL, NULL),
(255, 30, 'Z 5753 EB', 1, '2023-07-14 14:32:43', NULL, NULL),
(256, 80, 'I 6229 HHO', 2, '2023-07-14 14:32:43', NULL, NULL),
(257, 8, 'OG 3695 HK', 4, '2023-07-14 14:32:43', 5, '2023-07-24 14:32:43'),
(258, 61, 'TJ 1530 HZV', 2, '2023-07-14 14:32:43', 3, '2023-07-17 14:32:43'),
(259, 72, 'M 5048 ZK', 1, '2023-07-14 14:32:43', 2, '2023-07-16 14:32:43'),
(260, 75, 'T 8611 AT', 1, '2023-07-14 14:32:43', 2, '2023-07-16 14:32:43'),
(261, 69, 'T 0152 RY', 3, '2023-07-14 14:32:43', 4, '2023-07-24 14:32:43'),
(262, 78, 'IA 8605 VWM', 4, '2023-07-15 14:32:43', NULL, NULL),
(263, 43, 'NZ 7273 ZWA', 1, '2023-07-15 14:32:43', NULL, NULL),
(264, 40, 'E 4027 NH', 1, '2023-07-15 14:32:43', NULL, NULL),
(265, 24, 'JS 4785 WJ', 4, '2023-07-15 14:32:43', 5, '2023-07-19 14:32:43'),
(266, 13, 'SU 8834 RMD', 3, '2023-07-15 14:32:43', NULL, NULL),
(267, 75, 'QS 6953 YU', 1, '2023-07-15 14:32:43', 2, '2023-07-28 14:32:43'),
(268, 22, 'XS 4766 JXY', 1, '2023-07-15 14:32:43', NULL, NULL),
(269, 27, 'WO 5496 VA', 1, '2023-07-15 14:32:43', 2, '2023-07-17 14:32:43'),
(270, 90, 'OL 7476 UB', 2, '2023-07-15 14:32:43', NULL, NULL),
(271, 23, 'K 8002 CNR', 2, '2023-07-16 14:32:43', 3, '2023-07-28 14:32:43'),
(272, 51, 'R 5343 EJH', 2, '2023-07-16 14:32:43', 3, '2023-07-24 14:32:43'),
(273, 55, 'Y 5357 SV', 4, '2023-07-16 14:32:43', NULL, NULL),
(274, 2, 'L 8458 IV', 3, '2023-07-16 14:32:43', 4, '2023-07-31 14:32:43'),
(275, 16, 'MS 2369 UAY', 3, '2023-07-16 14:32:43', 4, '2023-07-30 14:32:43'),
(276, 15, 'LB 8518 KQT', 3, '2023-07-16 14:32:43', 4, '2023-07-17 14:32:43'),
(277, 93, 'CU 4815 BIZ', 4, '2023-07-16 14:32:43', 5, '2023-07-19 14:32:43'),
(278, 74, 'HM 9053 HC', 1, '2023-07-16 14:32:43', 2, '2023-07-31 14:32:43'),
(279, 70, 'B 6428 VDW', 4, '2023-07-16 14:32:43', NULL, NULL),
(280, 54, 'OV 7458 KYZ', 1, '2023-07-17 14:32:43', 2, '2023-07-27 14:32:43'),
(281, 36, 'S 6197 AU', 2, '2023-07-17 14:32:43', 3, '2023-07-29 14:32:43'),
(282, 43, 'L 2016 LNN', 3, '2023-07-17 14:32:43', NULL, NULL),
(283, 27, 'HV 1850 MUZ', 4, '2023-07-17 14:32:43', NULL, NULL),
(284, 89, 'JA 8326 NTF', 1, '2023-07-17 14:32:43', NULL, NULL),
(285, 57, 'J 4521 VC', 4, '2023-07-17 14:32:43', 5, '2023-07-30 14:32:43'),
(286, 75, 'GZ 7790 IKW', 1, '2023-07-17 14:32:43', NULL, NULL),
(287, 94, 'Y 7639 EZX', 1, '2023-07-17 14:32:43', 2, '2023-07-31 14:32:43'),
(288, 40, 'V 9447 BFG', 4, '2023-07-17 14:32:43', 5, '2023-07-27 14:32:43'),
(289, 63, 'O 2856 HM', 1, '2023-07-18 14:32:43', NULL, NULL),
(290, 80, 'ME 5092 JQQ', 4, '2023-07-18 14:32:43', 5, '2023-07-31 14:32:43'),
(291, 46, 'GY 9673 WHV', 3, '2023-07-18 14:32:43', 4, '2023-07-31 14:32:43'),
(292, 6, 'J 0862 DHU', 3, '2023-07-18 14:32:43', NULL, NULL),
(293, 41, 'NZ 6425 DX', 4, '2023-07-18 14:32:43', NULL, NULL),
(294, 58, 'EY 3704 EA', 1, '2023-07-18 14:32:43', NULL, NULL),
(295, 39, 'T 4140 KWH', 1, '2023-07-18 14:32:43', 2, '2023-07-27 14:32:43'),
(296, 54, 'S 0014 VOE', 1, '2023-07-18 14:32:43', 2, '2023-07-30 14:32:43'),
(297, 77, 'QV 6292 CZ', 2, '2023-07-18 14:32:43', NULL, NULL),
(298, 98, 'XQ 5809 LAU', 3, '2023-07-19 14:32:43', NULL, NULL),
(299, 51, 'W 7529 DN', 4, '2023-07-19 14:32:43', NULL, NULL),
(300, 66, 'XX 9344 ZF', 2, '2023-07-19 14:32:43', NULL, NULL),
(301, 55, 'MY 9260 DXW', 3, '2023-07-19 14:32:43', NULL, NULL),
(302, 15, 'B 5104 MW', 1, '2023-07-19 14:32:43', 2, '2023-08-01 14:32:43'),
(303, 96, 'QC 6141 TKN', 3, '2023-07-19 14:32:43', NULL, NULL),
(304, 12, 'Q 2010 IO', 4, '2023-07-19 14:32:43', 5, '2023-07-23 14:32:43'),
(305, 22, 'W 6724 SUJ', 2, '2023-07-19 14:32:43', 3, '2023-07-29 14:32:43'),
(306, 60, 'AR 1121 ENW', 1, '2023-07-19 14:32:43', NULL, NULL),
(307, 80, 'C 8544 RT', 4, '2023-07-20 14:32:43', NULL, NULL),
(308, 9, 'SR 8070 FI', 1, '2023-07-20 14:32:43', 2, '2023-07-26 14:32:43'),
(309, 68, 'J 1343 VD', 4, '2023-07-20 14:32:43', 5, '2023-07-25 14:32:43'),
(310, 25, 'P 9821 DBS', 2, '2023-07-20 14:32:43', 3, '2023-07-23 14:32:43'),
(311, 22, 'UA 6139 ER', 4, '2023-07-20 14:32:43', NULL, NULL),
(312, 92, 'P 2943 PS', 1, '2023-07-20 14:32:43', 2, '2023-07-26 14:32:43'),
(313, 18, 'BU 3039 EOG', 4, '2023-07-20 14:32:43', NULL, NULL),
(314, 43, 'MW 1308 AVU', 2, '2023-07-20 14:32:43', 3, '2023-08-01 14:32:43'),
(315, 37, 'KK 3246 KJX', 1, '2023-07-20 14:32:43', 2, '2023-08-04 14:32:43'),
(316, 16, 'L 9379 PX', 2, '2023-07-21 14:32:43', NULL, NULL),
(317, 93, 'M 2475 QPF', 4, '2023-07-21 14:32:43', NULL, NULL),
(318, 39, 'V 5458 YH', 4, '2023-07-21 14:32:43', NULL, NULL),
(319, 9, 'LO 8151 MR', 3, '2023-07-21 14:32:43', 4, '2023-07-30 14:32:43'),
(320, 49, 'AK 2745 QNG', 3, '2023-07-21 14:32:43', NULL, NULL),
(321, 75, 'P 1365 MG', 4, '2023-07-21 14:32:43', NULL, NULL),
(322, 83, 'IO 0530 MQU', 3, '2023-07-21 14:32:43', 4, '2023-07-27 14:32:43'),
(323, 90, 'Q 0623 SMI', 2, '2023-07-21 14:32:43', NULL, NULL),
(324, 28, 'TH 4005 DTF', 1, '2023-07-21 14:32:43', 2, '2023-07-31 14:32:43'),
(325, 33, 'Q 4768 RYY', 1, '2023-07-22 14:32:43', NULL, NULL),
(326, 61, 'XF 5128 VB', 3, '2023-07-22 14:32:43', 4, '2023-08-04 14:32:43'),
(327, 11, 'XP 8140 YX', 2, '2023-07-22 14:32:43', NULL, NULL),
(328, 1, 'K 1814 YV', 4, '2023-07-22 14:32:43', 5, '2023-07-23 14:32:43'),
(329, 88, 'K 6317 OY', 1, '2023-07-22 14:32:43', 2, '2023-07-31 14:32:43'),
(330, 62, 'Z 9284 CJ', 4, '2023-07-22 14:32:43', NULL, NULL),
(331, 86, 'GH 4279 DJR', 4, '2023-07-22 14:32:43', NULL, NULL),
(332, 40, 'C 0398 QR', 3, '2023-07-22 14:32:43', 4, '2023-08-05 14:32:43'),
(333, 19, 'WT 1882 AY', 3, '2023-07-22 14:32:43', 4, '2023-07-23 14:32:43'),
(334, 17, 'W 8779 BAV', 4, '2023-07-23 14:32:43', 5, '2023-07-24 14:32:43'),
(335, 2, 'VY 3703 GH', 3, '2023-07-23 14:32:43', 4, '2023-08-02 14:32:43'),
(336, 47, 'P 4425 TS', 2, '2023-07-23 14:32:43', NULL, NULL),
(337, 65, 'XF 9679 GXZ', 4, '2023-07-23 14:32:43', NULL, NULL),
(338, 30, 'LI 5217 IU', 2, '2023-07-23 14:32:43', NULL, NULL),
(339, 77, 'P 0634 QD', 4, '2023-07-23 14:32:43', NULL, NULL),
(340, 55, 'DK 7753 FX', 3, '2023-07-23 14:32:43', 4, '2023-07-31 14:32:43'),
(341, 84, 'O 1126 ZO', 3, '2023-07-23 14:32:43', NULL, NULL),
(342, 49, 'E 1833 AOU', 2, '2023-07-23 14:32:43', NULL, NULL),
(343, 18, 'L 4150 JS', 2, '2023-07-24 14:32:43', 3, '2023-07-31 14:32:43'),
(344, 4, 'JH 5028 WVZ', 3, '2023-07-24 14:32:43', 4, '2023-08-05 14:32:43'),
(345, 84, 'MI 7068 TH', 3, '2023-07-24 14:32:43', 4, '2023-08-05 14:32:43'),
(346, 92, 'S 1741 CNJ', 1, '2023-07-24 14:32:43', NULL, NULL),
(347, 18, 'IN 4485 YGC', 4, '2023-07-24 14:32:43', NULL, NULL),
(348, 29, 'Z 2870 PB', 1, '2023-07-24 14:32:43', NULL, NULL),
(349, 70, 'YY 6278 CC', 2, '2023-07-24 14:32:43', 3, '2023-08-04 14:32:43'),
(350, 24, 'QV 6330 QS', 1, '2023-07-24 14:32:43', 2, '2023-08-01 14:32:43'),
(351, 69, 'Q 6466 GG', 1, '2023-07-24 14:32:43', 2, '2023-08-02 14:32:43'),
(352, 45, 'XG 3034 ZE', 1, '2023-07-25 14:32:43', NULL, NULL),
(353, 1, 'P 6532 EG', 1, '2023-07-25 14:32:43', 2, '2023-07-29 14:32:43'),
(354, 47, 'GI 6920 ZT', 1, '2023-07-25 14:32:43', NULL, NULL),
(355, 52, 'Q 3406 BA', 3, '2023-07-25 14:32:43', 4, '2023-08-07 14:32:43'),
(356, 15, 'DU 1098 JK', 4, '2023-07-25 14:32:43', 5, '2023-08-05 14:32:43'),
(357, 28, 'N 8520 OD', 3, '2023-07-25 14:32:43', 4, '2023-08-03 14:32:43'),
(358, 22, 'N 4533 TE', 4, '2023-07-25 14:32:43', NULL, NULL),
(359, 24, 'JV 7758 DOF', 4, '2023-07-25 14:32:43', 5, '2023-08-01 14:32:43'),
(360, 95, 'FR 2306 HLK', 3, '2023-07-25 14:32:43', 4, '2023-08-07 14:32:43'),
(361, 92, 'J 4590 UG', 4, '2023-07-26 14:32:43', NULL, NULL),
(362, 83, 'W 2881 DDB', 2, '2023-07-26 14:32:43', NULL, NULL),
(363, 37, 'KX 8254 CEB', 3, '2023-07-26 14:32:43', 4, '2023-08-04 14:32:43'),
(364, 90, 'QV 5387 GH', 2, '2023-07-26 14:32:43', NULL, NULL),
(365, 37, 'HK 8703 XW', 1, '2023-07-26 14:32:43', 2, '2023-08-02 14:32:43'),
(366, 14, 'FE 1874 VX', 3, '2023-07-26 14:32:43', 4, '2023-07-30 14:32:43'),
(367, 82, 'V 1775 QKW', 2, '2023-07-26 14:32:43', 3, '2023-07-27 14:32:43'),
(368, 63, 'M 2417 XCA', 1, '2023-07-26 14:32:43', 2, '2023-07-30 14:32:43'),
(369, 69, 'JX 0720 VIB', 4, '2023-07-26 14:32:43', 5, '2023-08-10 14:32:43'),
(370, 81, 'PO 6569 YCP', 3, '2023-07-27 14:32:43', NULL, NULL),
(371, 79, 'C 9440 SIO', 3, '2023-07-27 14:32:43', 4, '2023-08-04 14:32:43'),
(372, 53, 'M 5033 ZQ', 2, '2023-07-27 14:32:43', 3, '2023-08-03 14:32:43'),
(373, 34, 'L 3758 DT', 2, '2023-07-27 14:32:43', NULL, NULL),
(374, 83, 'IN 2203 UQ', 1, '2023-07-27 14:32:43', 2, '2023-08-02 14:32:43'),
(375, 60, 'E 8101 YT', 1, '2023-07-27 14:32:43', NULL, NULL),
(376, 13, 'Q 1926 CM', 1, '2023-07-27 14:32:43', NULL, NULL),
(377, 62, 'JR 9570 APN', 1, '2023-07-27 14:32:43', 2, '2023-08-06 14:32:43'),
(378, 46, 'A 8104 UA', 2, '2023-07-27 14:32:43', 3, '2023-07-29 14:32:43'),
(379, 15, 'BC 3134 SAF', 4, '2023-07-28 14:32:43', NULL, NULL),
(380, 92, 'M 8519 SO', 4, '2023-07-28 14:32:43', 5, '2023-08-11 14:32:43'),
(381, 18, 'XA 2507 GI', 2, '2023-07-28 14:32:43', 3, '2023-08-05 14:32:43'),
(382, 8, 'K 6240 XLO', 3, '2023-07-28 14:32:43', 4, '2023-08-07 14:32:43'),
(383, 74, 'JR 0916 CZK', 1, '2023-07-28 14:32:43', NULL, NULL),
(384, 55, 'Q 8690 URH', 4, '2023-07-28 14:32:43', NULL, NULL),
(385, 11, 'NO 8378 SJX', 1, '2023-07-28 14:32:43', 2, '2023-08-07 14:32:43'),
(386, 82, 'L 0362 XOQ', 2, '2023-07-28 14:32:43', NULL, NULL),
(387, 81, 'S 8740 SFD', 1, '2023-07-28 14:32:43', NULL, NULL),
(388, 32, 'Y 1235 EEN', 2, '2023-07-29 14:32:43', NULL, NULL),
(389, 81, 'A 5784 GN', 4, '2023-07-29 14:32:43', 5, '2023-08-06 14:32:43'),
(390, 61, 'Z 5559 QC', 2, '2023-07-29 14:32:43', NULL, NULL),
(391, 73, 'Y 0511 JK', 3, '2023-07-29 14:32:43', NULL, NULL),
(392, 98, 'PS 2998 JA', 4, '2023-07-29 14:32:43', 5, '2023-07-31 14:32:43'),
(393, 28, 'Y 0003 ZMS', 4, '2023-07-29 14:32:43', 5, '2023-07-30 14:32:43'),
(394, 25, 'O 1710 LF', 2, '2023-07-29 14:32:43', 3, '2023-08-03 14:32:43'),
(395, 23, 'GP 5790 KK', 2, '2023-07-29 14:32:43', NULL, NULL),
(396, 34, 'M 0880 FTU', 2, '2023-07-29 14:32:43', NULL, NULL),
(397, 54, 'YC 6921 TZK', 2, '2023-07-30 14:32:43', 3, '2023-08-06 14:32:43'),
(398, 87, 'H 1620 LR', 2, '2023-07-30 14:32:43', NULL, NULL),
(399, 46, 'VX 4232 JNO', 2, '2023-07-30 14:32:43', NULL, NULL),
(400, 3, 'K 8290 MJ', 2, '2023-07-30 14:32:43', NULL, NULL),
(401, 78, 'C 9202 SA', 2, '2023-07-30 14:32:43', 3, '2023-08-03 14:32:43'),
(402, 59, 'M 7155 LK', 4, '2023-07-30 14:32:43', 5, '2023-07-31 14:32:43'),
(403, 93, 'VM 3046 DDC', 3, '2023-07-30 14:32:43', NULL, NULL),
(404, 86, 'UC 6618 DY', 2, '2023-07-30 14:32:43', NULL, NULL),
(405, 27, 'IU 8565 YD', 1, '2023-07-30 14:32:43', NULL, NULL),
(406, 33, 'H 0978 EYI', 3, '2023-07-31 14:32:43', NULL, NULL),
(407, 16, 'I 5600 XGO', 1, '2023-07-31 14:32:43', NULL, NULL),
(408, 2, 'X 4250 XPQ', 1, '2023-07-31 14:32:43', 2, '2023-08-04 14:32:43'),
(409, 32, 'DN 5259 UPE', 3, '2023-07-31 14:32:43', NULL, NULL),
(410, 77, 'Z 6380 XES', 3, '2023-07-31 14:32:43', NULL, NULL),
(411, 35, 'E 9051 AYX', 3, '2023-07-31 14:32:43', 4, '2023-08-11 14:32:43'),
(412, 98, 'UY 4377 IM', 4, '2023-07-31 14:32:43', NULL, NULL),
(413, 6, 'K 9197 FFN', 4, '2023-07-31 14:32:43', 5, '2023-08-05 14:32:43'),
(414, 72, 'M 4228 KG', 3, '2023-07-31 14:32:43', NULL, NULL),
(415, 91, 'U 9105 GB', 4, '2023-08-01 14:32:43', 5, '2023-08-08 14:32:43'),
(416, 40, 'H 4792 AHR', 3, '2023-08-01 14:32:43', NULL, NULL),
(417, 39, 'A 5212 PTU', 4, '2023-08-01 14:32:43', NULL, NULL),
(418, 59, 'W 5220 UGE', 1, '2023-08-01 14:32:43', NULL, NULL),
(419, 81, 'F 6486 HND', 1, '2023-08-01 14:32:43', NULL, NULL),
(420, 73, 'XP 9872 QO', 1, '2023-08-01 14:32:43', 2, '2023-08-02 14:32:43'),
(421, 95, 'QJ 8375 JI', 1, '2023-08-01 14:32:43', NULL, NULL),
(422, 15, 'MM 0099 WZV', 2, '2023-08-01 14:32:43', 3, '2023-08-05 14:32:43'),
(423, 18, 'W 0250 ZNZ', 4, '2023-08-01 14:32:43', NULL, NULL),
(424, 14, 'B 7509 MZ', 4, '2023-08-02 14:32:43', 5, '2023-08-12 14:32:43'),
(425, 59, 'G 9741 OYN', 3, '2023-08-02 14:32:43', NULL, NULL),
(426, 90, 'KU 6586 AB', 3, '2023-08-02 14:32:43', 4, '2023-08-14 14:32:43'),
(427, 1, 'MV 0057 DOM', 1, '2023-08-02 14:32:43', 2, '2023-08-15 14:32:43'),
(428, 88, 'VS 9345 AJM', 1, '2023-08-02 14:32:43', NULL, NULL),
(429, 91, 'S 4720 IFB', 3, '2023-08-02 14:32:43', NULL, NULL),
(430, 24, 'O 7758 NK', 4, '2023-08-02 14:32:43', NULL, NULL),
(431, 18, 'F 1886 KO', 4, '2023-08-02 14:32:43', 5, '2023-08-08 14:32:43'),
(432, 10, 'UT 0504 VDL', 4, '2023-08-02 14:32:43', 5, '2023-08-15 14:32:43'),
(433, 20, 'ZP 7311 KPR', 4, '2023-08-03 14:32:43', 5, '2023-08-09 14:32:43'),
(434, 52, 'I 7650 TII', 3, '2023-08-03 14:32:43', 4, '2023-08-17 14:32:43'),
(435, 15, 'YN 3249 WM', 3, '2023-08-03 14:32:43', NULL, NULL),
(436, 79, 'H 0822 COE', 1, '2023-08-03 14:32:43', NULL, NULL),
(437, 94, 'DQ 8300 VLU', 2, '2023-08-03 14:32:43', NULL, NULL),
(438, 78, 'E 6609 OJ', 3, '2023-08-03 14:32:43', 4, '2023-08-06 14:32:43'),
(439, 77, 'AS 8301 CG', 1, '2023-08-03 14:32:43', 2, '2023-08-07 14:32:43'),
(440, 52, 'L 0191 HV', 4, '2023-08-03 14:32:43', 5, '2023-08-04 14:32:43'),
(441, 13, 'I 6896 SC', 4, '2023-08-03 14:32:43', NULL, NULL),
(442, 29, 'A 0983 IPK', 1, '2023-08-04 14:32:43', 2, '2023-08-13 14:32:43'),
(443, 12, 'JD 0399 FLG', 2, '2023-08-04 14:32:43', NULL, NULL),
(444, 71, 'B 1724 NP', 1, '2023-08-04 14:32:43', NULL, NULL),
(445, 27, 'LL 7979 QI', 4, '2023-08-04 14:32:43', 5, '2023-08-08 14:32:43'),
(446, 60, 'H 0194 VCG', 2, '2023-08-04 14:32:43', NULL, NULL),
(447, 2, 'N 5538 ABB', 1, '2023-08-04 14:32:43', 2, '2023-08-09 14:32:43'),
(448, 41, 'WT 1081 TKG', 2, '2023-08-04 14:32:43', NULL, NULL),
(449, 31, 'YN 3391 PN', 3, '2023-08-04 14:32:43', 4, '2023-08-09 14:32:43'),
(450, 17, 'VF 3792 KD', 3, '2023-08-04 14:32:43', 4, '2023-08-14 14:32:43'),
(451, 92, 'G 7382 YZ', 4, '2023-08-05 14:32:43', NULL, NULL),
(452, 78, 'ZA 7235 SRJ', 2, '2023-08-05 14:32:43', 3, '2023-08-17 14:32:43'),
(453, 75, 'KB 8378 UOJ', 2, '2023-08-05 14:32:43', NULL, NULL),
(454, 56, 'SW 5353 EHZ', 4, '2023-08-05 14:32:43', NULL, NULL),
(455, 17, 'FJ 1461 MXY', 2, '2023-08-05 14:32:43', NULL, NULL),
(456, 59, 'K 8237 TI', 2, '2023-08-05 14:32:43', 3, '2023-08-17 14:32:43'),
(457, 59, 'C 1592 CZA', 1, '2023-08-05 14:32:43', 2, '2023-08-15 14:32:43'),
(458, 96, 'DE 8335 YGE', 3, '2023-08-05 14:32:43', NULL, NULL),
(459, 14, 'LG 2359 UV', 3, '2023-08-05 14:32:43', NULL, NULL),
(460, 27, 'MS 6645 YW', 3, '2023-08-06 14:32:43', NULL, NULL),
(461, 84, 'V 6638 XY', 1, '2023-08-06 14:32:43', NULL, NULL),
(462, 70, 'ZJ 3880 OU', 2, '2023-08-06 14:32:43', 3, '2023-08-11 14:32:43'),
(463, 8, 'I 3448 FZI', 2, '2023-08-06 14:32:43', 3, '2023-08-07 14:32:43'),
(464, 7, 'QL 1464 FBN', 1, '2023-08-06 14:32:43', 2, '2023-08-16 14:32:43'),
(465, 30, 'AX 9542 CNY', 2, '2023-08-06 14:32:43', 3, '2023-08-14 14:32:43'),
(466, 92, 'M 3545 EXB', 3, '2023-08-06 14:32:43', 4, '2023-08-19 14:32:43'),
(467, 32, 'B 7834 QC', 1, '2023-08-06 14:32:43', 2, '2023-08-14 14:32:43'),
(468, 23, 'RA 1048 YBJ', 2, '2023-08-06 14:32:43', 3, '2023-08-21 14:32:43'),
(469, 67, 'D 7719 ODS', 4, '2023-08-07 14:32:43', NULL, NULL),
(470, 76, 'X 8346 LLA', 3, '2023-08-07 14:32:43', 4, '2023-08-09 14:32:43'),
(471, 7, 'NR 6152 RX', 1, '2023-08-07 14:32:43', NULL, NULL),
(472, 59, 'ZE 0293 OF', 2, '2023-08-07 14:32:43', NULL, NULL),
(473, 80, 'MH 7154 RS', 3, '2023-08-07 14:32:43', NULL, NULL),
(474, 9, 'PP 0358 DVA', 4, '2023-08-07 14:32:43', 5, '2023-08-18 14:32:43'),
(475, 65, 'H 7473 FL', 1, '2023-08-07 14:32:43', 2, '2023-08-10 14:32:43'),
(476, 7, 'C 6341 XC', 3, '2023-08-07 14:32:43', 4, '2023-08-19 14:32:43'),
(477, 88, 'IK 0109 PQ', 4, '2023-08-07 14:32:43', 5, '2023-08-08 14:32:43'),
(478, 90, 'L 1208 CJ', 1, '2023-08-08 14:32:43', 2, '2023-08-18 14:32:43'),
(479, 44, 'QD 7126 MUR', 3, '2023-08-08 14:32:43', NULL, NULL),
(480, 21, 'EB 3385 GDA', 3, '2023-08-08 14:32:43', NULL, NULL),
(481, 41, 'EL 8785 IZ', 2, '2023-08-08 14:32:43', 3, '2023-08-21 14:32:43'),
(482, 46, 'I 7803 BH', 4, '2023-08-08 14:32:43', 5, '2023-08-23 14:32:43'),
(483, 45, 'W 2221 XKT', 4, '2023-08-08 14:32:43', 5, '2023-08-11 14:32:43'),
(484, 69, 'M 3123 DK', 4, '2023-08-08 14:32:43', 5, '2023-08-20 14:32:43'),
(485, 78, 'T 2624 GQ', 2, '2023-08-08 14:32:43', 3, '2023-08-11 14:32:43'),
(486, 41, 'A 9279 VRV', 1, '2023-08-08 14:32:43', NULL, NULL),
(487, 60, 'P 8757 QO', 2, '2023-08-09 14:32:43', NULL, NULL),
(488, 80, 'N 3369 FY', 3, '2023-08-09 14:32:43', 4, '2023-08-15 14:32:43'),
(489, 62, 'NF 3375 WVC', 1, '2023-08-09 14:32:43', NULL, NULL),
(490, 62, 'I 4590 QF', 4, '2023-08-09 14:32:43', 5, '2023-08-12 14:32:43'),
(491, 72, 'NX 4810 PQ', 1, '2023-08-09 14:32:43', NULL, NULL),
(492, 40, 'XE 9935 HTK', 3, '2023-08-09 14:32:43', NULL, NULL),
(493, 63, 'E 5194 QVE', 4, '2023-08-09 14:32:43', 5, '2023-08-15 14:32:43'),
(494, 4, 'GW 4450 ZO', 4, '2023-08-09 14:32:43', NULL, NULL),
(495, 53, 'W 3751 RN', 1, '2023-08-09 14:32:43', 2, '2023-08-24 14:32:43'),
(496, 88, 'E 2902 ZH', 2, '2023-08-10 14:32:43', NULL, NULL),
(497, 4, 'NL 0798 IB', 1, '2023-08-10 14:32:43', NULL, NULL),
(498, 52, 'AL 1923 ZDC', 2, '2023-08-10 14:32:43', 3, '2023-08-20 14:32:43'),
(499, 45, 'OZ 3918 EHQ', 2, '2023-08-10 14:32:43', 3, '2023-08-12 14:32:43'),
(500, 28, 'PS 9013 EGN', 3, '2023-08-10 14:32:43', NULL, NULL);
INSERT INTO `parked_vehicles` (`id`, `vehicle_id`, `plate_number`, `entered_by_user_id`, `entered_at`, `left_by_user_id`, `left_at`) VALUES
(501, 16, 'J 6103 OW', 4, '2023-08-10 14:32:43', 5, '2023-08-20 14:32:43'),
(502, 23, 'S 9659 JRK', 3, '2023-08-10 14:32:43', 4, '2023-08-11 14:32:43'),
(503, 73, 'S 7424 XE', 2, '2023-08-10 14:32:43', 3, '2023-08-11 14:32:43'),
(504, 2, 'SK 1386 MOS', 4, '2023-08-10 14:32:43', NULL, NULL),
(505, 71, 'TN 8498 RN', 1, '2023-08-11 14:32:43', NULL, NULL),
(506, 22, 'AI 3852 JM', 1, '2023-08-11 14:32:43', 2, '2023-08-26 14:32:43'),
(507, 15, 'Z 8077 WO', 1, '2023-08-11 14:32:43', 2, '2023-08-15 14:32:43'),
(508, 84, 'IF 4362 JF', 4, '2023-08-11 14:32:43', NULL, NULL),
(509, 48, 'SB 7550 IQK', 2, '2023-08-11 14:32:43', NULL, NULL),
(510, 87, 'N 6891 FY', 4, '2023-08-11 14:32:43', 5, '2023-08-16 14:32:43'),
(511, 18, 'TH 6234 GLG', 3, '2023-08-11 14:32:43', 4, '2023-08-19 14:32:43'),
(512, 89, 'A 3896 BMZ', 1, '2023-08-11 14:32:43', 2, '2023-08-23 14:32:43'),
(513, 68, 'R 6830 NFB', 1, '2023-08-11 14:32:43', NULL, NULL),
(514, 46, 'PS 5114 AT', 1, '2023-08-12 14:32:43', NULL, NULL),
(515, 51, 'H 4022 MG', 3, '2023-08-12 14:32:43', 4, '2023-08-18 14:32:43'),
(516, 61, 'I 6889 QG', 1, '2023-08-12 14:32:43', 2, '2023-08-14 14:32:43'),
(517, 47, 'J 2115 JV', 3, '2023-08-12 14:32:43', 4, '2023-08-15 14:32:43'),
(518, 2, 'T 8140 TKJ', 4, '2023-08-12 14:32:43', 5, '2023-08-20 14:32:43'),
(519, 25, 'K 5771 NHY', 2, '2023-08-12 14:32:43', 3, '2023-08-22 14:32:43'),
(520, 4, 'QN 5776 DZK', 3, '2023-08-12 14:32:43', 4, '2023-08-26 14:32:43'),
(521, 77, 'QV 4716 HHL', 3, '2023-08-12 14:32:43', NULL, NULL),
(522, 22, 'O 1119 CT', 1, '2023-08-12 14:32:43', NULL, NULL),
(523, 83, 'U 9672 YRR', 4, '2023-08-13 14:32:43', 5, '2023-08-17 14:32:43'),
(524, 14, 'B 1064 VFA', 2, '2023-08-13 14:32:43', 3, '2023-08-25 14:32:43'),
(525, 89, 'HY 7154 GAI', 3, '2023-08-13 14:32:43', NULL, NULL),
(526, 21, 'T 9070 TGK', 1, '2023-08-13 14:32:43', 2, '2023-08-22 14:32:43'),
(527, 95, 'AK 8152 HSM', 4, '2023-08-13 14:32:43', 5, '2023-08-22 14:32:43'),
(528, 87, 'HA 1272 IH', 3, '2023-08-13 14:32:43', NULL, NULL),
(529, 89, 'M 2637 DR', 4, '2023-08-13 14:32:43', 5, '2023-08-18 14:32:43'),
(530, 95, 'UX 7197 JZQ', 1, '2023-08-13 14:32:43', 2, '2023-08-19 14:32:43'),
(531, 76, 'P 0033 TSV', 1, '2023-08-13 14:32:43', NULL, NULL),
(532, 48, 'Z 2747 VQS', 4, '2023-08-14 14:32:43', NULL, NULL),
(533, 17, 'C 2175 IH', 1, '2023-08-14 14:32:43', 2, '2023-08-24 14:32:43'),
(534, 87, 'ET 9808 CIC', 4, '2023-08-14 14:32:43', NULL, NULL),
(535, 82, 'DN 4107 YM', 3, '2023-08-14 14:32:43', 4, '2023-08-17 14:32:43'),
(536, 70, 'JP 4897 RO', 1, '2023-08-14 14:32:43', NULL, NULL),
(537, 14, 'R 4791 TT', 4, '2023-08-14 14:32:43', NULL, NULL),
(538, 29, 'H 0257 DDU', 2, '2023-08-14 14:32:43', 3, '2023-08-16 14:32:43'),
(539, 12, 'B 4249 TE', 2, '2023-08-14 14:32:43', NULL, NULL),
(540, 14, 'BE 8592 GW', 2, '2023-08-14 14:32:43', 3, '2023-08-23 14:32:43'),
(541, 8, 'Z 3737 XD', 2, '2023-08-15 14:32:43', 3, '2023-08-20 14:32:43'),
(542, 16, 'I 0613 TOP', 2, '2023-08-15 14:32:43', NULL, NULL),
(543, 40, 'L 8175 XYW', 2, '2023-08-15 14:32:43', 3, '2023-08-17 14:32:43'),
(544, 91, 'O 2059 XK', 2, '2023-08-15 14:32:43', 3, '2023-08-30 14:32:43'),
(545, 17, 'CU 6365 XD', 2, '2023-08-15 14:32:43', 3, '2023-08-25 14:32:43'),
(546, 22, 'I 0176 QBV', 3, '2023-08-15 14:32:43', NULL, NULL),
(547, 59, 'UN 6631 MPJ', 4, '2023-08-15 14:32:43', 5, '2023-08-25 14:32:43'),
(548, 80, 'P 0688 DX', 2, '2023-08-15 14:32:43', NULL, NULL),
(549, 39, 'L 7933 YK', 3, '2023-08-15 14:32:43', NULL, NULL),
(550, 87, 'GQ 7412 XI', 2, '2023-08-16 14:32:43', 3, '2023-08-29 14:32:43'),
(551, 28, 'F 8421 CIB', 3, '2023-08-16 14:32:43', NULL, NULL),
(552, 59, 'AF 4647 BC', 4, '2023-08-16 14:32:43', 5, '2023-08-30 14:32:43'),
(553, 57, 'KJ 0186 BO', 2, '2023-08-16 14:32:43', 3, '2023-08-22 14:32:43'),
(554, 3, 'S 8804 IFP', 1, '2023-08-16 14:32:43', NULL, NULL),
(555, 27, 'U 3723 KY', 2, '2023-08-16 14:32:43', NULL, NULL),
(556, 84, 'G 5561 FSS', 2, '2023-08-16 14:32:43', NULL, NULL),
(557, 12, 'KI 7121 KG', 3, '2023-08-16 14:32:43', 4, '2023-08-26 14:32:43'),
(558, 14, 'OA 2721 SBR', 1, '2023-08-16 14:32:43', 2, '2023-08-21 14:32:43'),
(559, 60, 'JR 0160 QHZ', 1, '2023-08-17 14:32:43', 2, '2023-08-22 14:32:43'),
(560, 76, 'ZF 1445 GBO', 3, '2023-08-17 14:32:43', 4, '2023-08-20 14:32:43'),
(561, 19, 'SA 6234 OP', 2, '2023-08-17 14:32:43', NULL, NULL),
(562, 87, 'YH 2043 LBU', 1, '2023-08-17 14:32:43', NULL, NULL),
(563, 20, 'F 1557 UBL', 4, '2023-08-17 14:32:43', 5, '2023-08-18 14:32:43'),
(564, 80, 'NU 0459 QW', 1, '2023-08-17 14:32:43', 2, '2023-08-20 14:32:43'),
(565, 56, 'B 6606 KO', 3, '2023-08-17 14:32:43', NULL, NULL),
(566, 66, 'TW 0810 IG', 2, '2023-08-17 14:32:43', NULL, NULL),
(567, 70, 'JS 0946 DFZ', 3, '2023-08-17 14:32:43', NULL, NULL),
(568, 71, 'U 5196 KO', 4, '2023-08-18 14:32:43', 5, '2023-09-02 14:32:43'),
(569, 16, 'DW 5577 HHM', 4, '2023-08-18 14:32:43', NULL, NULL),
(570, 8, 'Y 9667 JE', 2, '2023-08-18 14:32:43', 3, '2023-08-19 14:32:43'),
(571, 85, 'N 6422 FJ', 1, '2023-08-18 14:32:43', 2, '2023-08-22 14:32:43'),
(572, 91, 'WH 7177 BU', 2, '2023-08-18 14:32:43', 3, '2023-08-30 14:32:43'),
(573, 36, 'Q 7936 CV', 1, '2023-08-18 14:32:43', NULL, NULL),
(574, 84, 'KU 0863 FBV', 2, '2023-08-18 14:32:43', NULL, NULL),
(575, 89, 'CQ 1576 MM', 4, '2023-08-18 14:32:43', 5, '2023-08-21 14:32:43'),
(576, 32, 'Y 2429 ZXY', 2, '2023-08-18 14:32:43', NULL, NULL),
(577, 23, 'V 2937 IR', 4, '2023-08-19 14:32:43', 5, '2023-08-21 14:32:43'),
(578, 33, 'IK 1096 VKL', 1, '2023-08-19 14:32:43', NULL, NULL),
(579, 42, 'KR 4776 BH', 3, '2023-08-19 14:32:43', NULL, NULL),
(580, 18, 'P 3698 JBC', 2, '2023-08-19 14:32:43', 3, '2023-09-02 14:32:43'),
(581, 38, 'RV 6280 SHJ', 1, '2023-08-19 14:32:43', NULL, NULL),
(582, 62, 'I 7314 WD', 3, '2023-08-19 14:32:43', NULL, NULL),
(583, 31, 'A 2295 DRJ', 3, '2023-08-19 14:32:43', NULL, NULL),
(584, 12, 'RV 0669 WK', 1, '2023-08-19 14:32:43', 2, '2023-08-24 14:32:43'),
(585, 45, 'AF 9287 HVX', 3, '2023-08-19 14:32:43', NULL, NULL),
(586, 67, 'R 4464 IE', 2, '2023-08-20 14:32:43', NULL, NULL),
(587, 84, 'T 6444 ISV', 4, '2023-08-20 14:32:43', NULL, NULL),
(588, 52, 'G 0136 LPV', 2, '2023-08-20 14:32:43', 3, '2023-08-30 14:32:43'),
(589, 54, 'H 1952 QXK', 3, '2023-08-20 14:32:43', NULL, NULL),
(590, 95, 'D 0787 SUT', 1, '2023-08-20 14:32:43', NULL, NULL),
(591, 29, 'RU 8987 LU', 2, '2023-08-20 14:32:43', 3, '2023-08-22 14:32:43'),
(592, 18, 'J 8409 QI', 4, '2023-08-20 14:32:43', 5, '2023-08-25 14:32:43'),
(593, 29, 'X 8406 VJ', 2, '2023-08-20 14:32:43', NULL, NULL),
(594, 53, 'Y 8568 SO', 4, '2023-08-20 14:32:43', NULL, NULL),
(595, 65, 'T 2025 BGF', 3, '2023-08-21 14:32:43', 4, '2023-08-25 14:32:43'),
(596, 4, 'J 0918 RA', 4, '2023-08-21 14:32:43', NULL, NULL),
(597, 3, 'CN 0232 ZS', 3, '2023-08-21 14:32:43', 4, '2023-08-30 14:32:43'),
(598, 96, 'L 4395 TP', 3, '2023-08-21 14:32:43', NULL, NULL),
(599, 30, 'SR 2141 JIV', 2, '2023-08-21 14:32:43', 3, '2023-09-04 14:32:43'),
(600, 64, 'BL 1096 BI', 3, '2023-08-21 14:32:43', 4, '2023-09-04 14:32:43'),
(601, 89, 'JD 8370 VM', 1, '2023-08-21 14:32:43', 2, '2023-08-28 14:32:43'),
(602, 67, 'NX 4633 XZ', 4, '2023-08-21 14:32:43', NULL, NULL),
(603, 30, 'Y 6999 AGC', 3, '2023-08-21 14:32:43', 4, '2023-08-29 14:32:43'),
(604, 94, 'F 5330 HA', 2, '2023-08-22 14:32:43', 3, '2023-08-25 14:32:43'),
(605, 54, 'SF 2619 MW', 3, '2023-08-22 14:32:43', NULL, NULL),
(606, 71, 'B 5791 VY', 1, '2023-08-22 14:32:43', NULL, NULL),
(607, 16, 'X 7051 UAD', 1, '2023-08-22 14:32:43', 2, '2023-08-23 14:32:43'),
(608, 65, 'R 3377 ZU', 1, '2023-08-22 14:32:43', NULL, NULL),
(609, 15, 'Y 1653 AS', 2, '2023-08-22 14:32:43', NULL, NULL),
(610, 47, 'KQ 2902 KI', 2, '2023-08-22 14:32:43', 3, '2023-08-25 14:32:43'),
(611, 1, 'M 6882 DZA', 2, '2023-08-22 14:32:43', NULL, NULL),
(612, 38, 'FN 3397 NV', 4, '2023-08-22 14:32:43', 5, '2023-08-27 14:32:43'),
(613, 81, 'UY 6425 XK', 3, '2023-08-23 14:32:43', NULL, NULL),
(614, 3, 'I 0124 UHD', 3, '2023-08-23 14:32:43', 4, '2023-08-26 14:32:43'),
(615, 42, 'PY 6770 QD', 1, '2023-08-23 14:32:43', NULL, NULL),
(616, 67, 'Y 7274 RRC', 1, '2023-08-23 14:32:43', NULL, NULL),
(617, 63, 'XE 1351 YDG', 3, '2023-08-23 14:32:43', 4, '2023-09-01 14:32:43'),
(618, 45, 'TM 7882 JTF', 1, '2023-08-23 14:32:43', 2, '2023-08-26 14:32:43'),
(619, 19, 'PW 3379 HI', 3, '2023-08-23 14:32:43', NULL, NULL),
(620, 6, 'ND 1029 DCT', 1, '2023-08-23 14:32:43', NULL, NULL),
(621, 32, 'R 2909 ZV', 1, '2023-08-23 14:32:43', 2, '2023-09-03 14:32:43'),
(622, 95, 'T 0288 OI', 1, '2023-08-24 14:32:43', 2, '2023-08-26 14:32:43'),
(623, 30, 'U 3033 AH', 1, '2023-08-24 14:32:43', NULL, NULL),
(624, 60, 'NX 2245 HGK', 4, '2023-08-24 14:32:43', 5, '2023-09-02 14:32:43'),
(625, 27, 'AB 5103 VLN', 3, '2023-08-24 14:32:43', 4, '2023-08-28 14:32:43'),
(626, 36, 'EC 4649 NS', 3, '2023-08-24 14:32:43', 4, '2023-09-06 14:32:43'),
(627, 10, 'A 9984 LOV', 2, '2023-08-24 14:32:43', 3, '2023-09-01 14:32:43'),
(628, 18, 'VY 7621 MN', 4, '2023-08-24 14:32:43', NULL, NULL),
(629, 17, 'U 2004 PBM', 3, '2023-08-24 14:32:43', 4, '2023-08-29 14:32:43'),
(630, 9, 'Q 1955 XK', 3, '2023-08-24 14:32:43', NULL, NULL),
(631, 68, 'H 5007 FDF', 2, '2023-08-25 14:32:43', 3, '2023-08-29 14:32:43'),
(632, 71, 'XR 0425 NY', 2, '2023-08-25 14:32:43', NULL, NULL),
(633, 20, 'S 1631 PRK', 3, '2023-08-25 14:32:43', 4, '2023-09-02 14:32:43'),
(634, 56, 'G 7183 ZX', 2, '2023-08-25 14:32:43', 3, '2023-09-01 14:32:43'),
(635, 3, 'SL 5514 IN', 1, '2023-08-25 14:32:43', 2, '2023-09-05 14:32:43'),
(636, 49, 'X 8001 KXT', 1, '2023-08-25 14:32:43', 2, '2023-08-27 14:32:43'),
(637, 8, 'K 1815 HC', 3, '2023-08-25 14:32:43', NULL, NULL),
(638, 99, 'DL 0358 PL', 1, '2023-08-25 14:32:43', NULL, NULL),
(639, 2, 'W 6305 DZF', 3, '2023-08-25 14:32:43', 4, '2023-09-07 14:32:43'),
(640, 94, 'YK 5911 OE', 4, '2023-08-26 14:32:43', NULL, NULL),
(641, 54, 'S 9971 ICV', 2, '2023-08-26 14:32:43', 3, '2023-08-28 14:32:43'),
(642, 29, 'XN 4196 LO', 3, '2023-08-26 14:32:43', 4, '2023-09-03 14:32:43'),
(643, 62, 'W 7887 WIU', 3, '2023-08-26 14:32:43', 4, '2023-08-31 14:32:43'),
(644, 44, 'K 6365 GH', 4, '2023-08-26 14:32:43', NULL, NULL),
(645, 11, 'N 6048 YXG', 2, '2023-08-26 14:32:43', NULL, NULL),
(646, 7, 'JO 5954 TRP', 3, '2023-08-26 14:32:43', NULL, NULL),
(647, 11, 'B 8178 RJP', 2, '2023-08-26 14:32:43', 3, '2023-08-30 14:32:43'),
(648, 34, 'HU 1281 ISR', 3, '2023-08-26 14:32:43', 4, '2023-09-05 14:32:43'),
(649, 60, 'W 0094 VLH', 1, '2023-08-27 14:32:43', 2, '2023-08-28 14:32:43'),
(650, 44, 'S 3864 GB', 3, '2023-08-27 14:32:43', NULL, NULL),
(651, 70, 'SW 4414 PE', 4, '2023-08-27 14:32:43', NULL, NULL),
(652, 86, 'GU 4302 NJG', 3, '2023-08-27 14:32:43', 4, '2023-09-07 14:32:43'),
(653, 54, 'N 7715 ADW', 4, '2023-08-27 14:32:43', NULL, NULL),
(654, 30, 'O 3821 PK', 2, '2023-08-27 14:32:43', 3, '2023-09-01 14:32:43'),
(655, 2, 'YX 8657 VE', 2, '2023-08-27 14:32:43', 3, '2023-09-04 14:32:43'),
(656, 44, 'DT 0862 NWX', 1, '2023-08-27 14:32:43', 2, '2023-09-04 14:32:43'),
(657, 55, 'V 3984 WUI', 3, '2023-08-27 14:32:43', 4, '2023-09-03 14:32:43'),
(658, 44, 'B 5984 GF', 3, '2023-08-28 14:32:43', NULL, NULL),
(659, 66, 'UG 1712 HJH', 2, '2023-08-28 14:32:43', 3, '2023-08-29 14:32:43'),
(660, 8, 'ZM 5330 ZH', 4, '2023-08-28 14:32:43', NULL, NULL),
(661, 40, 'XQ 0611 WJ', 4, '2023-08-28 14:32:43', NULL, NULL),
(662, 69, 'SY 6738 VRD', 1, '2023-08-28 14:32:43', NULL, NULL),
(663, 16, 'D 8290 ZX', 1, '2023-08-28 14:32:43', NULL, NULL),
(664, 1, 'R 5835 OWM', 2, '2023-08-28 14:32:43', NULL, NULL),
(665, 30, 'Y 2136 DDR', 2, '2023-08-28 14:32:43', 3, '2023-09-03 14:32:43'),
(666, 75, 'SD 8784 AJL', 1, '2023-08-28 14:32:43', 2, '2023-09-03 14:32:43'),
(667, 79, 'YD 5759 VS', 2, '2023-08-29 14:32:43', 3, '2023-09-10 14:32:43'),
(668, 53, 'QU 6506 DT', 2, '2023-08-29 14:32:43', NULL, NULL),
(669, 29, 'JN 8575 QY', 1, '2023-08-29 14:32:43', 2, '2023-09-03 14:32:43'),
(670, 91, 'R 8919 KYI', 4, '2023-08-29 14:32:43', NULL, NULL),
(671, 86, 'BJ 6240 LLK', 2, '2023-08-29 14:32:43', 3, '2023-09-13 14:32:43'),
(672, 49, 'YZ 7579 MJ', 3, '2023-08-29 14:32:43', 4, '2023-09-03 14:32:43'),
(673, 45, 'A 7374 XQ', 2, '2023-08-29 14:32:43', NULL, NULL),
(674, 51, 'A 1734 HI', 1, '2023-08-29 14:32:43', 2, '2023-09-04 14:32:43'),
(675, 17, 'P 2152 RLA', 4, '2023-08-29 14:32:43', 5, '2023-09-13 14:32:43'),
(676, 9, 'MC 6023 LA', 4, '2023-08-30 14:32:43', 5, '2023-09-09 14:32:43'),
(677, 81, 'D 6182 HFK', 1, '2023-08-30 14:32:43', 2, '2023-09-01 14:32:43'),
(678, 11, 'EL 6240 CBE', 4, '2023-08-30 14:32:43', 5, '2023-09-09 14:32:43'),
(679, 56, 'CK 6362 FTH', 1, '2023-08-30 14:32:43', NULL, NULL),
(680, 30, 'TT 2184 ZW', 1, '2023-08-30 14:32:43', 2, '2023-09-13 14:32:43'),
(681, 6, 'U 1357 MDY', 1, '2023-08-30 14:32:43', 2, '2023-09-04 14:32:43'),
(682, 60, 'P 2334 ER', 1, '2023-08-30 14:32:43', 2, '2023-09-04 14:32:43'),
(683, 97, 'QX 6572 ARA', 1, '2023-08-30 14:32:43', NULL, NULL),
(684, 9, 'X 2514 FZ', 3, '2023-08-30 14:32:43', 4, '2023-09-01 14:32:43'),
(685, 21, 'W 3548 HI', 1, '2023-08-31 14:32:43', 2, '2023-09-01 14:32:43'),
(686, 65, 'MF 4767 FSQ', 4, '2023-08-31 14:32:43', NULL, NULL),
(687, 63, 'I 3689 EA', 3, '2023-08-31 14:32:43', NULL, NULL),
(688, 83, 'Z 0405 FNY', 4, '2023-08-31 14:32:43', 5, '2023-09-06 14:32:43'),
(689, 69, 'QF 1509 BE', 3, '2023-08-31 14:32:43', 4, '2023-09-09 14:32:43'),
(690, 12, 'K 3006 LCZ', 2, '2023-08-31 14:32:43', NULL, NULL),
(691, 77, 'KU 8888 EB', 4, '2023-08-31 14:32:43', 5, '2023-09-08 14:32:43'),
(692, 27, 'FA 5944 BK', 4, '2023-08-31 14:32:43', NULL, NULL),
(693, 10, 'U 1820 MDJ', 3, '2023-08-31 14:32:43', 4, '2023-09-09 14:32:43'),
(694, 39, 'WC 9402 AEQ', 4, '2023-09-01 14:32:43', 5, '2023-09-07 14:32:43'),
(695, 58, 'WV 8996 GP', 2, '2023-09-01 14:32:43', 3, '2023-09-11 14:32:43'),
(696, 1, 'X 7691 DX', 4, '2023-09-01 14:32:43', NULL, NULL),
(697, 87, 'AG 6599 WX', 4, '2023-09-01 14:32:43', 5, '2023-09-05 14:32:43'),
(698, 68, 'DY 5173 AZK', 2, '2023-09-01 14:32:43', NULL, NULL),
(699, 96, 'V 6742 LE', 1, '2023-09-01 14:32:43', 2, '2023-09-13 14:32:43'),
(700, 71, 'Q 7203 XJJ', 4, '2023-09-01 14:32:43', 5, '2023-09-11 14:32:43'),
(701, 58, 'DO 5654 NQF', 2, '2023-09-01 14:32:43', NULL, NULL),
(702, 72, 'QJ 0200 DLO', 3, '2023-09-01 14:32:43', 4, '2023-09-14 14:32:43'),
(703, 30, 'Q 2978 LFO', 1, '2023-09-02 14:32:43', NULL, NULL),
(704, 16, 'A 5952 PPG', 4, '2023-09-02 14:32:43', 5, '2023-09-11 14:32:43'),
(705, 31, 'A 9866 TUD', 2, '2023-09-02 14:32:43', NULL, NULL),
(706, 89, 'AD 9718 JF', 3, '2023-09-02 14:32:43', 4, '2023-09-08 14:32:43'),
(707, 84, 'A 9247 OH', 1, '2023-09-02 14:32:43', NULL, NULL),
(708, 22, 'IF 7900 VN', 4, '2023-09-02 14:32:43', 5, '2023-09-08 14:32:43'),
(709, 82, 'M 3660 UWH', 2, '2023-09-02 14:32:43', NULL, NULL),
(710, 1, 'TH 5632 LEF', 4, '2023-09-02 14:32:43', 5, '2023-09-09 14:32:43'),
(711, 19, 'JB 1775 MXR', 4, '2023-09-02 14:32:43', 5, '2023-09-12 14:32:43'),
(712, 69, 'U 4205 YON', 2, '2023-09-03 14:32:43', NULL, NULL),
(713, 42, 'T 8204 DTD', 4, '2023-09-03 14:32:43', 5, '2023-09-10 14:32:43'),
(714, 8, 'Q 0236 AYF', 1, '2023-09-03 14:32:43', 2, '2023-09-10 14:32:43'),
(715, 38, 'AW 9516 QA', 3, '2023-09-03 14:32:43', 4, '2023-09-14 14:32:43'),
(716, 44, 'U 5577 KXC', 3, '2023-09-03 14:32:43', NULL, NULL),
(717, 78, 'Y 4745 UDM', 3, '2023-09-03 14:32:43', 4, '2023-09-13 14:32:43'),
(718, 17, 'G 4083 HF', 4, '2023-09-03 14:32:43', NULL, NULL),
(719, 98, 'AF 6472 CN', 3, '2023-09-03 14:32:43', 4, '2023-09-13 14:32:43'),
(720, 40, 'PL 0372 IW', 1, '2023-09-03 14:32:43', 2, '2023-09-18 14:32:43'),
(721, 67, 'GS 5367 IQU', 4, '2023-09-04 14:32:43', 5, '2023-09-19 14:32:43'),
(722, 19, 'E 6466 GNL', 2, '2023-09-04 14:32:43', 3, '2023-09-11 14:32:43'),
(723, 11, 'EN 0775 UT', 3, '2023-09-04 14:32:43', NULL, NULL),
(724, 64, 'HX 6832 TP', 3, '2023-09-04 14:32:43', 4, '2023-09-12 14:32:43'),
(725, 32, 'IN 8148 QNM', 2, '2023-09-04 14:32:43', NULL, NULL),
(726, 45, 'BL 8922 OH', 3, '2023-09-04 14:32:43', 4, '2023-09-18 14:32:43'),
(727, 94, 'T 4060 XYZ', 4, '2023-09-04 14:32:43', 5, '2023-09-13 14:32:43'),
(728, 92, 'UY 3388 BDP', 1, '2023-09-04 14:32:43', NULL, NULL),
(729, 66, 'RK 1261 LHW', 3, '2023-09-04 14:32:43', 4, '2023-09-08 14:32:43'),
(730, 77, 'E 8469 OHN', 4, '2023-09-05 14:32:43', 5, '2023-09-18 14:32:43'),
(731, 36, 'PE 1024 RH', 2, '2023-09-05 14:32:43', 3, '2023-09-16 14:32:43'),
(732, 80, 'TD 0491 BIM', 2, '2023-09-05 14:32:43', NULL, NULL),
(733, 84, 'N 1846 CLB', 4, '2023-09-05 14:32:43', 5, '2023-09-16 14:32:43'),
(734, 70, 'DC 3617 PWH', 2, '2023-09-05 14:32:43', 3, '2023-09-11 14:32:43'),
(735, 33, 'OB 0203 JFX', 2, '2023-09-05 14:32:43', NULL, NULL),
(736, 23, 'G 6402 FS', 4, '2023-09-05 14:32:43', 5, '2023-09-13 14:32:43'),
(737, 23, 'AC 7856 YJ', 2, '2023-09-05 14:32:43', NULL, NULL),
(738, 77, 'UX 9253 EOM', 3, '2023-09-05 14:32:43', 4, '2023-09-20 14:32:43'),
(739, 71, 'B 6536 SYD', 1, '2023-09-06 14:32:43', NULL, NULL),
(740, 18, 'SG 4321 QAI', 1, '2023-09-06 14:32:43', NULL, NULL),
(741, 91, 'JZ 0266 WAS', 2, '2023-09-06 14:32:43', NULL, NULL),
(742, 24, 'RV 6731 LZU', 4, '2023-09-06 14:32:43', 5, '2023-09-20 14:32:43'),
(743, 99, 'V 5143 PME', 2, '2023-09-06 14:32:43', 3, '2023-09-10 14:32:43'),
(744, 51, 'EY 3467 BTD', 2, '2023-09-06 14:32:43', NULL, NULL),
(745, 53, 'RP 0530 OQG', 3, '2023-09-06 14:32:43', NULL, NULL),
(746, 74, 'C 2517 LJ', 2, '2023-09-06 14:32:43', NULL, NULL),
(747, 89, 'Z 9493 DFO', 4, '2023-09-06 14:32:43', NULL, NULL),
(748, 50, 'F 6661 YV', 4, '2023-09-07 14:32:43', NULL, NULL),
(749, 71, 'U 5938 ORA', 3, '2023-09-07 14:32:43', 4, '2023-09-21 14:32:43'),
(750, 54, 'Z 9705 RVG', 3, '2023-09-07 14:32:43', 4, '2023-09-17 14:32:43'),
(751, 5, 'R 6821 PD', 1, '2023-09-07 14:32:43', 2, '2023-09-12 14:32:43'),
(752, 37, 'E 5473 TUN', 2, '2023-09-07 14:32:43', NULL, NULL),
(753, 20, 'RZ 4705 YWD', 3, '2023-09-07 14:32:43', NULL, NULL),
(754, 45, 'L 1136 TP', 2, '2023-09-07 14:32:43', NULL, NULL),
(755, 94, 'UG 0233 HAW', 3, '2023-09-07 14:32:43', 4, '2023-09-18 14:32:43'),
(756, 51, 'XU 9955 VO', 1, '2023-09-07 14:32:43', NULL, NULL),
(757, 78, 'SW 1427 ZR', 1, '2023-09-08 14:32:43', NULL, NULL),
(758, 9, 'V 7281 VD', 2, '2023-09-08 14:32:43', NULL, NULL),
(759, 56, 'TV 9528 QPE', 3, '2023-09-08 14:32:43', 4, '2023-09-17 14:32:43'),
(760, 25, 'TP 7579 YQ', 3, '2023-09-08 14:32:43', NULL, NULL),
(761, 27, 'K 4238 WB', 3, '2023-09-08 14:32:43', 4, '2023-09-21 14:32:43'),
(762, 37, 'R 3409 FBL', 2, '2023-09-08 14:32:43', 3, '2023-09-18 14:32:43'),
(763, 53, 'R 0367 XMQ', 4, '2023-09-08 14:32:43', 5, '2023-09-15 14:32:43'),
(764, 24, 'F 9023 RMH', 4, '2023-09-08 14:32:43', NULL, NULL),
(765, 34, 'QC 7488 GZ', 3, '2023-09-08 14:32:43', 4, '2023-09-09 14:32:43'),
(766, 5, 'D 8717 TRG', 3, '2023-09-09 14:32:43', NULL, NULL),
(767, 82, 'YA 0941 PH', 4, '2023-09-09 14:32:43', NULL, NULL),
(768, 64, 'K 9668 UEN', 3, '2023-09-09 14:32:43', 4, '2023-09-19 14:32:43'),
(769, 8, 'EB 7456 OP', 1, '2023-09-09 14:32:43', NULL, NULL),
(770, 77, 'L 1674 RU', 3, '2023-09-09 14:32:43', 4, '2023-09-21 14:32:43'),
(771, 43, 'RJ 1470 WR', 1, '2023-09-09 14:32:43', NULL, NULL),
(772, 86, 'O 4491 YMZ', 3, '2023-09-09 14:32:43', 4, '2023-09-12 14:32:43'),
(773, 31, 'OU 6813 OO', 4, '2023-09-09 14:32:43', 5, '2023-09-23 14:32:43'),
(774, 86, 'Z 0925 TE', 2, '2023-09-09 14:32:43', 3, '2023-09-24 14:32:43'),
(775, 79, 'C 1604 OBQ', 3, '2023-09-10 14:32:43', 4, '2023-09-24 14:32:43'),
(776, 71, 'M 7145 BAJ', 4, '2023-09-10 14:32:43', NULL, NULL),
(777, 8, 'T 1465 PN', 3, '2023-09-10 14:32:43', NULL, NULL),
(778, 32, 'QK 7723 RLM', 2, '2023-09-10 14:32:43', 3, '2023-09-13 14:32:43'),
(779, 52, 'WH 0150 UOI', 2, '2023-09-10 14:32:43', 3, '2023-09-12 14:32:43'),
(780, 1, 'O 3456 WHC', 2, '2023-09-10 14:32:43', 3, '2023-09-23 14:32:43'),
(781, 9, 'YD 4564 HH', 4, '2023-09-10 14:32:43', 5, '2023-09-25 14:32:43'),
(782, 48, 'L 3670 ID', 2, '2023-09-10 14:32:43', 3, '2023-09-20 14:32:43'),
(783, 14, 'VQ 0529 DR', 1, '2023-09-10 14:32:43', NULL, NULL),
(784, 84, 'U 9044 MAC', 1, '2023-09-11 14:32:43', 2, '2023-09-25 14:32:43'),
(785, 67, 'Q 9900 FZR', 2, '2023-09-11 14:32:43', NULL, NULL),
(786, 57, 'N 3487 GR', 2, '2023-09-11 14:32:43', NULL, NULL),
(787, 11, 'Z 4245 RT', 3, '2023-09-11 14:32:43', NULL, NULL),
(788, 61, 'JH 0240 XH', 3, '2023-09-11 14:32:43', NULL, NULL),
(789, 25, 'WR 8203 WA', 3, '2023-09-11 14:32:43', NULL, NULL),
(790, 60, 'HH 8318 RBO', 1, '2023-09-11 14:32:43', 2, '2023-09-25 14:32:43'),
(791, 15, 'B 2308 FJL', 3, '2023-09-11 14:32:43', NULL, NULL),
(792, 68, 'J 8270 MU', 4, '2023-09-11 14:32:43', NULL, NULL),
(793, 4, 'U 8565 AB', 3, '2023-09-12 14:32:43', 4, '2023-09-19 14:32:43'),
(794, 90, 'O 9526 TB', 1, '2023-09-12 14:32:43', 2, '2023-09-23 14:32:43'),
(795, 24, 'G 3295 WK', 3, '2023-09-12 14:32:43', 4, '2023-09-25 14:32:43'),
(796, 32, 'BN 5116 PY', 1, '2023-09-12 14:32:43', NULL, NULL),
(797, 94, 'T 6897 GBF', 2, '2023-09-12 14:32:43', 3, '2023-09-13 14:32:43'),
(798, 12, 'B 1691 XM', 1, '2023-09-12 14:32:43', 2, '2023-09-14 14:32:43'),
(799, 41, 'L 5682 LCP', 1, '2023-09-12 14:32:43', NULL, NULL),
(800, 93, 'WW 4151 HP', 1, '2023-09-12 14:32:43', 2, '2023-09-15 14:32:43'),
(801, 60, 'V 7927 MSP', 1, '2023-09-12 14:32:43', NULL, NULL),
(802, 30, 'M 7904 MTK', 3, '2023-09-13 14:32:43', 4, '2023-09-23 14:32:43'),
(803, 58, 'YY 2662 UUI', 4, '2023-09-13 14:32:43', NULL, NULL),
(804, 43, 'Z 6325 EX', 1, '2023-09-13 14:32:43', 2, '2023-09-28 14:32:43'),
(805, 86, 'US 5826 QQP', 4, '2023-09-13 14:32:43', NULL, NULL),
(806, 15, 'QJ 4559 UKA', 1, '2023-09-13 14:32:43', NULL, NULL),
(807, 92, 'CA 7743 ET', 2, '2023-09-13 14:32:43', 3, '2023-09-23 14:32:43'),
(808, 78, 'GC 2365 BVU', 2, '2023-09-13 14:32:43', NULL, NULL),
(809, 56, 'XA 1240 IU', 4, '2023-09-13 14:32:43', 5, '2023-09-23 14:32:43'),
(810, 98, 'NR 4393 WO', 3, '2023-09-13 14:32:43', NULL, NULL),
(811, 80, 'V 3783 MC', 1, '2023-09-14 14:32:43', NULL, NULL),
(812, 3, 'KD 7113 NXB', 1, '2023-09-14 14:32:43', 2, '2023-09-15 14:32:43'),
(813, 61, 'L 9733 SS', 1, '2023-09-14 14:32:43', 2, '2023-09-24 14:32:43'),
(814, 78, 'O 8021 ZOB', 2, '2023-09-14 14:32:43', NULL, NULL),
(815, 37, 'EG 6069 IJP', 4, '2023-09-14 14:32:43', 5, '2023-09-26 14:32:43'),
(816, 30, 'BL 1969 SYW', 4, '2023-09-14 14:32:43', NULL, NULL),
(817, 86, 'IR 6107 NJ', 3, '2023-09-14 14:32:43', NULL, NULL),
(818, 76, 'JI 8485 THH', 4, '2023-09-14 14:32:43', NULL, NULL),
(819, 42, 'HS 1299 BBQ', 3, '2023-09-14 14:32:43', NULL, NULL),
(820, 30, 'WG 0953 KE', 4, '2023-09-15 14:32:43', 5, '2023-09-26 14:32:43'),
(821, 5, 'VO 6605 YB', 4, '2023-09-15 14:32:43', NULL, NULL),
(822, 77, 'X 9161 GPY', 1, '2023-09-15 14:32:43', 2, '2023-09-25 14:32:43'),
(823, 40, 'MO 1110 UNO', 3, '2023-09-15 14:32:43', NULL, NULL),
(824, 37, 'OG 1441 QXV', 2, '2023-09-15 14:32:43', NULL, NULL),
(825, 29, 'XH 6850 OBZ', 1, '2023-09-15 14:32:43', 2, '2023-09-24 14:32:43'),
(826, 72, 'DW 8731 TJH', 1, '2023-09-15 14:32:43', 2, '2023-09-28 14:32:43'),
(827, 55, 'OK 6560 CP', 4, '2023-09-15 14:32:43', NULL, NULL),
(828, 13, 'Q 2036 WS', 3, '2023-09-15 14:32:43', NULL, NULL),
(829, 79, 'T 4517 YLC', 4, '2023-09-16 14:32:43', NULL, NULL),
(830, 25, 'VM 3405 ZX', 3, '2023-09-16 14:32:43', NULL, NULL),
(831, 25, 'Y 9945 TZ', 3, '2023-09-16 14:32:43', 4, '2023-09-22 14:32:43'),
(832, 71, 'ZM 5321 BPY', 2, '2023-09-16 14:32:43', NULL, NULL),
(833, 62, 'EF 8467 NSX', 3, '2023-09-16 14:32:43', 4, '2023-09-17 14:32:43'),
(834, 29, 'S 3781 CFX', 4, '2023-09-16 14:32:43', 5, '2023-09-22 14:32:43'),
(835, 8, 'S 9091 ZRD', 3, '2023-09-16 14:32:43', 4, '2023-10-01 14:32:43'),
(836, 36, 'J 0757 DPZ', 2, '2023-09-16 14:32:43', NULL, NULL),
(837, 74, 'X 4874 DS', 4, '2023-09-16 14:32:43', 5, '2023-09-21 14:32:43'),
(838, 79, 'HQ 3266 HE', 4, '2023-09-17 14:32:43', 5, '2023-09-19 14:32:43'),
(839, 3, 'GO 1444 OF', 1, '2023-09-17 14:32:43', NULL, NULL),
(840, 12, 'E 9244 UQW', 4, '2023-09-17 14:32:43', 5, '2023-09-24 14:32:43'),
(841, 42, 'I 2830 JR', 4, '2023-09-17 14:32:43', 5, '2023-09-20 14:32:43'),
(842, 8, 'QB 2333 ZXC', 1, '2023-09-17 14:32:43', 2, '2023-09-23 14:32:43'),
(843, 86, 'US 5092 KC', 1, '2023-09-17 14:32:43', 2, '2023-09-29 14:32:43'),
(844, 95, 'V 0758 KB', 3, '2023-09-17 14:32:43', 4, '2023-09-26 14:32:43'),
(845, 22, 'IS 3163 XZG', 4, '2023-09-17 14:32:43', NULL, NULL),
(846, 10, 'R 6531 QUT', 2, '2023-09-17 14:32:43', NULL, NULL),
(847, 85, 'Z 5295 QM', 3, '2023-09-18 14:32:43', NULL, NULL),
(848, 26, 'F 5309 JRS', 3, '2023-09-18 14:32:43', NULL, NULL),
(849, 39, 'S 4609 GX', 3, '2023-09-18 14:32:43', NULL, NULL),
(850, 4, 'YU 9588 ZJ', 4, '2023-09-18 14:32:43', NULL, NULL),
(851, 9, 'LY 0541 HG', 4, '2023-09-18 14:32:43', NULL, NULL),
(852, 83, 'X 9914 YH', 3, '2023-09-18 14:32:43', 4, '2023-09-25 14:32:43'),
(853, 1, 'UA 4419 UU', 2, '2023-09-18 14:32:43', NULL, NULL),
(854, 93, 'DH 3959 MRR', 2, '2023-09-18 14:32:43', NULL, NULL),
(855, 16, 'H 9413 IG', 4, '2023-09-18 14:32:43', 5, '2023-10-03 14:32:43'),
(856, 47, 'T 5145 GJJ', 4, '2023-09-19 14:32:43', 5, '2023-10-04 14:32:43'),
(857, 14, 'G 4068 XUD', 3, '2023-09-19 14:32:43', 4, '2023-09-21 14:32:43'),
(858, 74, 'I 3310 BHT', 1, '2023-09-19 14:32:43', NULL, NULL),
(859, 53, 'M 5439 OZ', 4, '2023-09-19 14:32:43', NULL, NULL),
(860, 76, 'JZ 7538 NW', 4, '2023-09-19 14:32:43', NULL, NULL),
(861, 95, 'LD 8953 BWL', 4, '2023-09-19 14:32:43', 5, '2023-09-25 14:32:43'),
(862, 14, 'KE 3804 FN', 3, '2023-09-19 14:32:43', 4, '2023-10-04 14:32:43'),
(863, 93, 'XM 3309 DZ', 3, '2023-09-19 14:32:43', 4, '2023-09-30 14:32:43'),
(864, 84, 'IS 8777 PVL', 3, '2023-09-19 14:32:43', NULL, NULL),
(865, 5, 'JG 2910 WEL', 2, '2023-09-20 14:32:43', NULL, NULL),
(866, 96, 'H 0826 GVC', 1, '2023-09-20 14:32:43', 2, '2023-09-27 14:32:43'),
(867, 38, 'I 0744 KGD', 1, '2023-09-20 14:32:43', 2, '2023-09-28 14:32:43'),
(868, 47, 'UN 2068 TEF', 2, '2023-09-20 14:32:43', 3, '2023-09-28 14:32:43'),
(869, 4, 'S 9589 NB', 4, '2023-09-20 14:32:43', 5, '2023-09-23 14:32:43'),
(870, 79, 'S 9287 TFN', 1, '2023-09-20 14:32:43', 2, '2023-10-03 14:32:43'),
(871, 19, 'KP 6061 LE', 3, '2023-09-20 14:32:43', 4, '2023-09-28 14:32:43'),
(872, 84, 'S 1236 CXR', 2, '2023-09-20 14:32:43', 3, '2023-10-05 14:32:43'),
(873, 88, 'HS 1407 EMS', 1, '2023-09-20 14:32:43', 2, '2023-09-26 14:32:43'),
(874, 27, 'B 4890 SAA', 2, '2023-09-21 14:32:43', NULL, NULL),
(875, 79, 'K 0062 GRX', 3, '2023-09-21 14:32:43', 4, '2023-09-24 14:32:43'),
(876, 85, 'ED 9942 ME', 2, '2023-09-21 14:32:43', 3, '2023-10-01 14:32:43'),
(877, 84, 'L 6143 WCO', 2, '2023-09-21 14:32:43', 3, '2023-09-27 14:32:43'),
(878, 10, 'MD 0553 WE', 3, '2023-09-21 14:32:43', NULL, NULL),
(879, 45, 'RX 3036 VG', 4, '2023-09-21 14:32:43', NULL, NULL),
(880, 5, 'WO 3390 TQJ', 2, '2023-09-21 14:32:43', 3, '2023-09-26 14:32:43'),
(881, 5, 'IR 1483 LU', 4, '2023-09-21 14:32:43', 5, '2023-09-28 14:32:43'),
(882, 93, 'H 1869 ZT', 3, '2023-09-21 14:32:43', 4, '2023-09-28 14:32:43'),
(883, 79, 'ND 9412 YYH', 3, '2023-09-22 14:32:43', NULL, NULL),
(884, 76, 'PM 0140 LOG', 4, '2023-09-22 14:32:43', 5, '2023-09-24 14:32:43'),
(885, 57, 'V 6646 ID', 2, '2023-09-22 14:32:43', 3, '2023-10-02 14:32:43'),
(886, 50, 'M 3775 HV', 4, '2023-09-22 14:32:43', NULL, NULL),
(887, 58, 'E 4949 EWS', 4, '2023-09-22 14:32:43', 5, '2023-09-28 14:32:43'),
(888, 36, 'TJ 8703 DJD', 4, '2023-09-22 14:32:43', NULL, NULL),
(889, 8, 'SV 6563 RIP', 1, '2023-09-22 14:32:43', 2, '2023-10-02 14:32:43'),
(890, 79, 'VE 8896 XU', 2, '2023-09-22 14:32:43', 3, '2023-09-25 14:32:43'),
(891, 92, 'U 9789 GD', 1, '2023-09-22 14:32:43', 2, '2023-10-02 14:32:43'),
(892, 58, 'U 7000 HUY', 1, '2023-09-23 14:32:43', NULL, NULL),
(893, 61, 'Q 8456 SKH', 2, '2023-09-23 14:32:43', NULL, NULL),
(894, 22, 'W 3973 NQ', 3, '2023-09-23 14:32:43', NULL, NULL),
(895, 19, 'E 0192 EGK', 3, '2023-09-23 14:32:43', NULL, NULL),
(896, 31, 'OT 2951 FV', 3, '2023-09-23 14:32:43', 4, '2023-10-04 14:32:43'),
(897, 79, 'A 5446 UL', 3, '2023-09-23 14:32:43', NULL, NULL),
(898, 69, 'Q 5200 VYJ', 2, '2023-09-23 14:32:43', NULL, NULL),
(899, 96, 'KX 8751 ZH', 2, '2023-09-23 14:32:43', 3, '2023-10-03 14:32:43'),
(900, 87, 'X 1739 UVL', 3, '2023-09-23 14:32:43', 4, '2023-09-27 14:32:43'),
(901, 91, 'L 5655 FHI', 2, '2023-09-24 14:32:43', NULL, NULL),
(902, 12, 'CT 7612 VR', 1, '2023-09-24 14:32:43', 2, '2023-09-30 14:32:43'),
(903, 2, 'X 8578 NN', 3, '2023-09-24 14:32:43', 4, '2023-09-27 14:32:43'),
(904, 12, 'K 1360 WPE', 2, '2023-09-24 14:32:43', 3, '2023-10-07 14:32:43'),
(905, 80, 'Z 5860 GHG', 2, '2023-09-24 14:32:43', NULL, NULL),
(906, 19, 'R 7013 JCN', 1, '2023-09-24 14:32:43', NULL, NULL),
(907, 82, 'ZQ 1443 HQX', 3, '2023-09-24 14:32:43', NULL, NULL),
(908, 13, 'B 3725 QHY', 4, '2023-09-24 14:32:43', NULL, NULL),
(909, 80, 'W 4192 ZY', 4, '2023-09-24 14:32:43', NULL, NULL),
(910, 51, 'R 9388 DFA', 4, '2023-09-25 14:32:43', 5, '2023-10-08 14:32:43'),
(911, 39, 'OO 9777 VB', 1, '2023-09-25 14:32:43', 2, '2023-10-08 14:32:43'),
(912, 21, 'N 4724 JK', 1, '2023-09-25 14:32:43', 2, '2023-09-27 14:32:43'),
(913, 95, 'K 0533 HWY', 1, '2023-09-25 14:32:43', NULL, NULL),
(914, 11, 'L 4444 HND', 1, '2023-09-25 14:32:43', 2, '2023-10-10 14:32:43'),
(915, 81, 'X 9427 NG', 1, '2023-09-25 14:32:43', NULL, NULL),
(916, 6, 'O 6909 UX', 4, '2023-09-25 14:32:43', 5, '2023-09-28 14:32:43'),
(917, 31, 'TP 2696 DAZ', 4, '2023-09-25 14:32:43', 5, '2023-10-03 14:32:43'),
(918, 28, 'XV 9549 AN', 4, '2023-09-25 14:32:43', NULL, NULL),
(919, 99, 'XJ 4532 QI', 4, '2023-09-26 14:32:43', 5, '2023-09-29 14:32:43'),
(920, 16, 'U 3616 NIO', 4, '2023-09-26 14:32:43', NULL, NULL),
(921, 35, 'AL 2327 NJ', 2, '2023-09-26 14:32:43', NULL, NULL),
(922, 21, 'FS 4711 BZ', 2, '2023-09-26 14:32:43', 3, '2023-10-09 14:32:43'),
(923, 73, 'NS 3271 VAT', 3, '2023-09-26 14:32:43', 4, '2023-09-30 14:32:43'),
(924, 7, 'E 4167 ELU', 3, '2023-09-26 14:32:43', 4, '2023-10-07 14:32:43'),
(925, 50, 'WH 9064 LXI', 2, '2023-09-26 14:32:43', NULL, NULL),
(926, 35, 'LV 0377 FSV', 4, '2023-09-26 14:32:43', 5, '2023-10-11 14:32:43'),
(927, 15, 'YA 1284 WDX', 2, '2023-09-26 14:32:43', NULL, NULL),
(928, 59, 'YJ 5536 NK', 2, '2023-09-27 14:32:43', 3, '2023-10-11 14:32:43'),
(929, 69, 'F 8439 TWZ', 4, '2023-09-27 14:32:43', NULL, NULL),
(930, 65, 'Q 5613 NWA', 2, '2023-09-27 14:32:43', 3, '2023-09-29 14:32:43'),
(931, 56, 'SS 6277 ZHG', 3, '2023-09-27 14:32:43', NULL, NULL),
(932, 24, 'O 5063 MJG', 2, '2023-09-27 14:32:43', 3, '2023-10-11 14:32:43'),
(933, 85, 'SW 2958 HVU', 4, '2023-09-27 14:32:43', NULL, NULL),
(934, 50, 'J 9845 YEB', 4, '2023-09-27 14:32:43', NULL, NULL),
(935, 5, 'E 6775 ZW', 1, '2023-09-27 14:32:43', 2, '2023-10-02 14:32:43'),
(936, 58, 'M 4703 JV', 4, '2023-09-27 14:32:43', NULL, NULL),
(937, 71, 'VO 3234 FIT', 4, '2023-09-28 14:32:43', 5, '2023-10-08 14:32:43'),
(938, 28, 'D 4217 MOV', 1, '2023-09-28 14:32:43', 2, '2023-10-02 14:32:43'),
(939, 82, 'QO 6630 WD', 2, '2023-09-28 14:32:43', NULL, NULL),
(940, 1, 'GP 1641 OHG', 2, '2023-09-28 14:32:43', 3, '2023-10-05 14:32:43'),
(941, 5, 'AC 7969 HX', 2, '2023-09-28 14:32:43', 3, '2023-09-30 14:32:43'),
(942, 12, 'RW 1143 CSS', 4, '2023-09-28 14:32:43', 5, '2023-10-01 14:32:43'),
(943, 39, 'N 2462 LCN', 2, '2023-09-28 14:32:43', NULL, NULL),
(944, 49, 'OU 9445 QQ', 4, '2023-09-28 14:32:43', 5, '2023-10-12 14:32:43'),
(945, 42, 'D 2628 BM', 4, '2023-09-28 14:32:43', NULL, NULL),
(946, 8, 'B 6360 KSM', 2, '2023-09-29 14:32:43', 3, '2023-10-11 14:32:43'),
(947, 22, 'FA 2212 UL', 2, '2023-09-29 14:32:43', 3, '2023-10-02 14:32:43'),
(948, 27, 'GT 1436 CVX', 2, '2023-09-29 14:32:43', NULL, NULL),
(949, 81, 'BF 7090 PHJ', 1, '2023-09-29 14:32:43', 2, '2023-10-03 14:32:43'),
(950, 46, 'MY 9144 FR', 4, '2023-09-29 14:32:43', 5, '2023-10-01 14:32:43'),
(951, 71, 'W 7997 GYN', 3, '2023-09-29 14:32:43', 4, '2023-10-04 14:32:43'),
(952, 75, 'C 4261 WF', 3, '2023-09-29 14:32:43', 4, '2023-10-07 14:32:43'),
(953, 42, 'VJ 3795 QRT', 3, '2023-09-29 14:32:43', 4, '2023-10-06 14:32:43'),
(954, 82, 'KE 1158 KQ', 4, '2023-09-29 14:32:43', NULL, NULL),
(955, 25, 'II 1612 PSI', 4, '2023-09-30 14:32:43', NULL, NULL),
(956, 58, 'L 0293 IG', 1, '2023-09-30 14:32:43', 2, '2023-10-13 14:32:43'),
(957, 34, 'R 7252 RCN', 1, '2023-09-30 14:32:43', 2, '2023-10-01 14:32:43'),
(958, 98, 'PU 0940 BN', 4, '2023-09-30 14:32:43', 5, '2023-10-05 14:32:43'),
(959, 85, 'BD 5307 QWG', 2, '2023-09-30 14:32:43', NULL, NULL),
(960, 32, 'T 5744 IEI', 2, '2023-09-30 14:32:43', NULL, NULL),
(961, 52, 'O 9811 JJ', 1, '2023-09-30 14:32:43', NULL, NULL),
(962, 35, 'HT 4627 GVR', 4, '2023-09-30 14:32:43', NULL, NULL),
(963, 33, 'NM 0831 EYL', 2, '2023-09-30 14:32:43', 3, '2023-10-10 14:32:43'),
(964, 62, 'TZ 9906 KGB', 2, '2023-10-01 14:32:43', 3, '2023-10-06 14:32:43'),
(965, 8, 'FZ 7573 CMD', 2, '2023-10-01 14:32:43', 3, '2023-10-14 14:32:43'),
(966, 6, 'D 4795 XCW', 2, '2023-10-01 14:32:43', NULL, NULL),
(967, 24, 'BU 2758 TYU', 3, '2023-10-01 14:32:43', NULL, NULL),
(968, 83, 'W 6217 HQJ', 1, '2023-10-01 14:32:43', NULL, NULL),
(969, 10, 'M 8653 IL', 3, '2023-10-01 14:32:43', 4, '2023-10-14 14:32:43'),
(970, 4, 'E 8495 ISN', 3, '2023-10-01 14:32:43', NULL, NULL),
(971, 52, 'DU 4799 OVX', 4, '2023-10-01 14:32:43', NULL, NULL),
(972, 59, 'L 0907 UKU', 2, '2023-10-01 14:32:43', NULL, NULL),
(973, 39, 'FN 9128 VGC', 2, '2023-10-02 14:32:43', 3, '2023-10-06 14:32:43'),
(974, 93, 'W 0005 LFZ', 4, '2023-10-02 14:32:43', NULL, NULL),
(975, 56, 'O 1631 OT', 2, '2023-10-02 14:32:43', NULL, NULL),
(976, 70, 'U 4237 EGN', 4, '2023-10-02 14:32:43', NULL, NULL),
(977, 92, 'CQ 5720 IWA', 1, '2023-10-02 14:32:43', NULL, NULL),
(978, 88, 'YL 1377 ONG', 2, '2023-10-02 14:32:43', NULL, NULL),
(979, 67, 'PR 5492 BUK', 3, '2023-10-02 14:32:43', NULL, NULL),
(980, 61, 'O 3422 FL', 1, '2023-10-02 14:32:43', NULL, NULL),
(981, 15, 'LE 2851 JB', 4, '2023-10-02 14:32:43', NULL, NULL),
(982, 52, 'O 4862 NA', 3, '2023-10-03 14:32:43', 4, '2023-10-12 14:32:43'),
(983, 17, 'X 8393 XJU', 1, '2023-10-03 14:32:43', 2, '2023-10-09 14:32:43'),
(984, 43, 'UM 5803 SXT', 4, '2023-10-03 14:32:43', 5, '2023-10-09 14:32:43'),
(985, 85, 'QX 8364 JRZ', 4, '2023-10-03 14:32:43', NULL, NULL),
(986, 88, 'B 3234 QBX', 2, '2023-10-03 14:32:43', 3, '2023-10-15 14:32:43'),
(987, 73, 'B 0830 PYE', 4, '2023-10-03 14:32:43', NULL, NULL),
(988, 41, 'WM 7614 DBH', 1, '2023-10-03 14:32:43', 2, '2023-10-08 14:32:43'),
(989, 72, 'GF 5327 PLM', 1, '2023-10-03 14:32:43', NULL, NULL),
(990, 20, 'A 6538 VSP', 4, '2023-10-03 14:32:43', NULL, NULL),
(991, 15, 'AX 6970 ZQ', 4, '2023-10-04 14:32:43', 5, '2023-10-05 14:32:43'),
(992, 92, 'F 2307 CP', 2, '2023-10-04 14:32:43', 3, '2023-10-16 14:32:43'),
(993, 54, 'V 0218 GFI', 2, '2023-10-04 14:32:43', NULL, NULL),
(994, 5, 'C 0882 MHR', 3, '2023-10-04 14:32:43', NULL, NULL),
(995, 50, 'E 3651 XC', 2, '2023-10-04 14:32:43', NULL, NULL),
(996, 49, 'EE 6561 UC', 4, '2023-10-04 14:32:43', NULL, NULL),
(997, 43, 'C 7405 MOI', 3, '2023-10-04 14:32:43', NULL, NULL),
(998, 74, 'V 9056 CSZ', 1, '2023-10-04 14:32:43', 2, '2023-10-07 14:32:43'),
(999, 75, 'AE 5873 XJ', 1, '2023-10-04 14:32:43', 2, '2023-10-07 14:32:43'),
(1000, 43, 'K 3760 PND', 2, '2023-10-05 14:32:43', NULL, NULL);
INSERT INTO `parked_vehicles` (`id`, `vehicle_id`, `plate_number`, `entered_by_user_id`, `entered_at`, `left_by_user_id`, `left_at`) VALUES
(1001, 32, 'E 7151 TK', 2, '2023-10-05 14:32:43', 3, '2023-10-17 14:32:43'),
(1002, 88, 'J 1096 OW', 3, '2023-10-05 14:32:43', NULL, NULL),
(1003, 60, 'WF 2588 RP', 4, '2023-10-05 14:32:43', NULL, NULL),
(1004, 50, 'US 2923 CEZ', 3, '2023-10-05 14:32:43', 4, '2023-10-14 14:32:43'),
(1005, 54, 'XW 8075 HX', 2, '2023-10-05 14:32:43', NULL, NULL),
(1006, 88, 'J 9442 FX', 2, '2023-10-05 14:32:43', 3, '2023-10-20 14:32:43'),
(1007, 32, 'V 8032 LOG', 2, '2023-10-05 14:32:43', 3, '2023-10-18 14:32:43'),
(1008, 56, 'CO 7409 WS', 3, '2023-10-05 14:32:43', NULL, NULL),
(1009, 56, 'N 7261 QMW', 2, '2023-10-06 14:32:43', NULL, NULL),
(1010, 79, 'D 7793 WC', 4, '2023-10-06 14:32:43', 5, '2023-10-10 14:32:43'),
(1011, 68, 'MI 5829 FBB', 3, '2023-10-06 14:32:43', 4, '2023-10-20 14:32:43'),
(1012, 8, 'TI 7034 XK', 3, '2023-10-06 14:32:43', 4, '2023-10-11 14:32:43'),
(1013, 10, 'PW 6712 FPX', 4, '2023-10-06 14:32:43', 5, '2023-10-16 14:32:43'),
(1014, 60, 'N 5229 ZBB', 4, '2023-10-06 14:32:43', 5, '2023-10-20 14:32:43'),
(1015, 87, 'JR 9664 PJ', 3, '2023-10-06 14:32:43', NULL, NULL),
(1016, 59, 'PM 7950 JYI', 3, '2023-10-06 14:32:43', 4, '2023-10-07 14:32:43'),
(1017, 56, 'DF 9918 EGO', 1, '2023-10-06 14:32:43', NULL, NULL),
(1018, 61, 'XA 3944 QS', 3, '2023-10-07 14:32:43', 4, '2023-10-21 14:32:43'),
(1019, 32, 'B 6071 ZSM', 3, '2023-10-07 14:32:43', NULL, NULL),
(1020, 36, 'WN 5838 JN', 3, '2023-10-07 14:32:43', NULL, NULL),
(1021, 34, 'I 8299 ZWN', 3, '2023-10-07 14:32:43', NULL, NULL),
(1022, 27, 'WY 3907 QLA', 3, '2023-10-07 14:32:43', NULL, NULL),
(1023, 61, 'K 4972 KC', 4, '2023-10-07 14:32:43', 5, '2023-10-21 14:32:43'),
(1024, 29, 'D 3244 KRV', 1, '2023-10-07 14:32:43', 2, '2023-10-19 14:32:43'),
(1025, 27, 'ZG 3830 BUR', 4, '2023-10-07 14:32:43', 5, '2023-10-10 14:32:43'),
(1026, 18, 'QX 0761 OO', 1, '2023-10-07 14:32:43', 2, '2023-10-10 14:32:43'),
(1027, 58, 'LL 3673 ZYF', 3, '2023-10-08 14:32:43', NULL, NULL),
(1028, 42, 'E 1370 CDE', 2, '2023-10-08 14:32:43', 3, '2023-10-14 14:32:43'),
(1029, 14, 'M 1099 XCI', 2, '2023-10-08 14:32:43', 3, '2023-10-13 14:32:43'),
(1030, 30, 'LW 9401 DCM', 1, '2023-10-08 14:32:43', 2, '2023-10-15 14:32:43'),
(1031, 95, 'LL 9316 QAP', 2, '2023-10-08 14:32:43', 3, '2023-10-13 14:32:43'),
(1032, 9, 'U 7885 AA', 1, '2023-10-08 14:32:43', 2, '2023-10-14 14:32:43'),
(1033, 57, 'XG 4008 FKT', 4, '2023-10-08 14:32:43', NULL, NULL),
(1034, 65, 'QI 5517 ZIF', 2, '2023-10-08 14:32:43', 3, '2023-10-13 14:32:43'),
(1035, 1, 'UD 2796 MV', 3, '2023-10-08 14:32:43', 4, '2023-10-23 14:32:43'),
(1036, 64, 'A 6241 DF', 3, '2023-10-09 14:32:43', 4, '2023-10-15 14:32:43'),
(1037, 85, 'YG 9940 IZJ', 2, '2023-10-09 14:32:43', NULL, NULL),
(1038, 36, 'H 9107 MQZ', 3, '2023-10-09 14:32:43', NULL, NULL),
(1039, 16, 'CQ 3172 MY', 1, '2023-10-09 14:32:43', 2, '2023-10-20 14:32:43'),
(1040, 62, 'Z 3838 RG', 4, '2023-10-09 14:32:43', 5, '2023-10-19 14:32:43'),
(1041, 14, 'A 9406 FB', 3, '2023-10-09 14:32:43', NULL, NULL),
(1042, 86, 'KD 8379 EO', 3, '2023-10-09 14:32:43', NULL, NULL),
(1043, 51, 'F 9778 UH', 4, '2023-10-09 14:32:43', 5, '2023-10-17 14:32:43'),
(1044, 71, 'N 0042 YP', 1, '2023-10-09 14:32:43', 2, '2023-10-10 14:32:43'),
(1045, 13, 'IZ 2618 CY', 2, '2023-10-10 14:32:43', 3, '2023-10-13 14:32:43'),
(1046, 65, 'N 8343 IE', 3, '2023-10-10 14:32:43', NULL, NULL),
(1047, 2, 'C 6856 LF', 3, '2023-10-10 14:32:43', NULL, NULL),
(1048, 82, 'Y 2400 NEW', 4, '2023-10-10 14:32:43', NULL, NULL),
(1049, 60, 'XO 9806 QTJ', 4, '2023-10-10 14:32:43', 5, '2023-10-25 14:32:43'),
(1050, 12, 'T 2882 KMU', 2, '2023-10-10 14:32:43', 3, '2023-10-19 14:32:43'),
(1051, 38, 'F 5277 SA', 1, '2023-10-10 14:32:43', NULL, NULL),
(1052, 37, 'AN 0986 GU', 4, '2023-10-10 14:32:43', 5, '2023-10-20 14:32:43'),
(1053, 33, 'N 4298 SU', 3, '2023-10-10 14:32:43', NULL, NULL),
(1054, 50, 'Q 8915 KOH', 1, '2023-10-11 14:32:43', NULL, NULL),
(1055, 75, 'GX 2893 UWZ', 1, '2023-10-11 14:32:43', 2, '2023-10-23 14:32:43'),
(1056, 78, 'Q 3344 FXH', 4, '2023-10-11 14:32:43', NULL, NULL),
(1057, 85, 'VI 7302 EYM', 3, '2023-10-11 14:32:43', 4, '2023-10-15 14:32:43'),
(1058, 87, 'S 0806 NJ', 2, '2023-10-11 14:32:43', NULL, NULL),
(1059, 28, 'YB 5767 AI', 3, '2023-10-11 14:32:43', 4, '2023-10-15 14:32:43'),
(1060, 92, 'A 2137 QR', 3, '2023-10-11 14:32:43', 4, '2023-10-15 14:32:43'),
(1061, 46, 'UT 3447 MER', 4, '2023-10-11 14:32:43', NULL, NULL),
(1062, 1, 'Y 1163 FF', 1, '2023-10-11 14:32:43', NULL, NULL),
(1063, 94, 'C 5801 FZ', 1, '2023-10-12 14:32:43', NULL, NULL),
(1064, 67, 'O 6773 ERT', 2, '2023-10-12 14:32:43', 3, '2023-10-22 14:32:43'),
(1065, 49, 'RS 3946 XYQ', 1, '2023-10-12 14:32:43', NULL, NULL),
(1066, 13, 'H 5448 ESL', 1, '2023-10-12 14:32:43', NULL, NULL),
(1067, 22, 'D 9525 ZG', 1, '2023-10-12 14:32:43', 2, '2023-10-20 14:32:43'),
(1068, 71, 'CC 3272 EX', 3, '2023-10-12 14:32:43', 4, '2023-10-25 14:32:43'),
(1069, 7, 'ZF 0293 SW', 3, '2023-10-12 14:32:43', 4, '2023-10-23 14:32:43'),
(1070, 82, 'TP 7996 CM', 3, '2023-10-12 14:32:43', 4, '2023-10-17 14:32:43'),
(1071, 78, 'IV 6146 NNY', 2, '2023-10-12 14:32:43', NULL, NULL),
(1072, 57, 'PJ 0419 SO', 4, '2023-10-13 14:32:43', 5, '2023-10-14 14:32:43'),
(1073, 59, 'ON 9630 OH', 4, '2023-10-13 14:32:43', NULL, NULL),
(1074, 70, 'PB 1657 NAV', 1, '2023-10-13 14:32:43', 2, '2023-10-14 14:32:43'),
(1075, 23, 'B 2112 TAL', 3, '2023-10-13 14:32:43', NULL, NULL),
(1076, 26, 'D 7014 IY', 3, '2023-10-13 14:32:43', 4, '2023-10-18 14:32:43'),
(1077, 65, 'OU 9832 MS', 2, '2023-10-13 14:32:43', 3, '2023-10-23 14:32:43'),
(1078, 37, 'H 6466 NR', 1, '2023-10-13 14:32:43', NULL, NULL),
(1079, 97, 'JB 9726 QDU', 2, '2023-10-13 14:32:43', 3, '2023-10-19 14:32:43'),
(1080, 48, 'P 6833 ZZ', 4, '2023-10-13 14:32:43', NULL, NULL),
(1081, 45, 'B 2523 OJ', 3, '2023-10-14 14:32:43', NULL, NULL),
(1082, 10, 'NI 0231 CFK', 3, '2023-10-14 14:32:43', NULL, NULL),
(1083, 70, 'ET 7681 WPV', 1, '2023-10-14 14:32:43', NULL, NULL),
(1084, 51, 'PL 8844 KM', 4, '2023-10-14 14:32:43', 5, '2023-10-15 14:32:43'),
(1085, 7, 'DK 4027 HOH', 4, '2023-10-14 14:32:43', NULL, NULL),
(1086, 92, 'KD 3320 LOW', 4, '2023-10-14 14:32:43', NULL, NULL),
(1087, 97, 'B 8033 SY', 3, '2023-10-14 14:32:43', NULL, NULL),
(1088, 57, 'KR 2766 GB', 3, '2023-10-14 14:32:43', 4, '2023-10-28 14:32:43'),
(1089, 52, 'U 0264 WEG', 2, '2023-10-14 14:32:43', NULL, NULL),
(1090, 7, 'X 9127 WC', 4, '2023-10-15 14:32:43', 5, '2023-10-19 14:32:43'),
(1091, 66, 'VG 1667 MOB', 3, '2023-10-15 14:32:43', NULL, NULL),
(1092, 3, 'AE 8653 DRY', 2, '2023-10-15 14:32:43', 3, '2023-10-20 14:32:43'),
(1093, 65, 'P 1729 PR', 3, '2023-10-15 14:32:43', 4, '2023-10-28 14:32:43'),
(1094, 93, 'WS 8383 MF', 1, '2023-10-15 14:32:43', 2, '2023-10-16 14:32:43'),
(1095, 38, 'UN 6146 LK', 4, '2023-10-15 14:32:43', 5, '2023-10-20 14:32:43'),
(1096, 88, 'BM 2343 UG', 3, '2023-10-15 14:32:43', NULL, NULL),
(1097, 53, 'S 6861 WDK', 3, '2023-10-15 14:32:43', NULL, NULL),
(1098, 89, 'X 2307 ZVP', 2, '2023-10-15 14:32:43', 3, '2023-10-20 14:32:43'),
(1099, 31, 'IY 7130 VSP', 3, '2023-10-16 14:32:43', 4, '2023-10-25 14:32:43'),
(1100, 20, 'IB 6768 BJE', 1, '2023-10-16 14:32:43', NULL, NULL),
(1101, 81, 'YH 7277 CP', 4, '2023-10-16 14:32:43', NULL, NULL),
(1102, 59, 'IW 6221 II', 3, '2023-10-16 14:32:43', NULL, NULL),
(1103, 75, 'F 5415 GS', 1, '2023-10-16 14:32:43', NULL, NULL),
(1104, 62, 'F 7874 QI', 3, '2023-10-16 14:32:43', NULL, NULL),
(1105, 69, 'GY 5818 DA', 2, '2023-10-16 14:32:43', NULL, NULL),
(1106, 1, 'ZB 2164 KR', 2, '2023-10-16 14:32:43', 3, '2023-10-27 14:32:43'),
(1107, 4, 'IX 3702 NVY', 3, '2023-10-16 14:32:43', 4, '2023-10-29 14:32:43'),
(1108, 47, 'TK 3695 HB', 3, '2023-10-17 14:32:43', NULL, NULL),
(1109, 50, 'W 2973 RI', 4, '2023-10-17 14:32:43', 5, '2023-10-29 14:32:43'),
(1110, 5, 'V 6712 HI', 3, '2023-10-17 14:32:43', 4, '2023-10-28 14:32:43'),
(1111, 52, 'N 1018 AQ', 2, '2023-10-17 14:32:43', 3, '2023-10-30 14:32:43'),
(1112, 44, 'OK 6598 GS', 3, '2023-10-17 14:32:43', 4, '2023-10-19 14:32:43'),
(1113, 27, 'M 0611 VRH', 2, '2023-10-17 14:32:43', NULL, NULL),
(1114, 58, 'V 3474 UTR', 2, '2023-10-17 14:32:43', NULL, NULL),
(1115, 21, 'XK 0733 YX', 2, '2023-10-17 14:32:43', 3, '2023-10-25 14:32:43'),
(1116, 88, 'DE 9313 XP', 3, '2023-10-17 14:32:43', 4, '2023-10-27 14:32:43'),
(1117, 60, 'SW 4495 KE', 4, '2023-10-18 14:32:43', NULL, NULL),
(1118, 2, 'GB 4496 LAC', 4, '2023-10-18 14:32:43', NULL, NULL),
(1119, 93, 'EN 1119 BP', 3, '2023-10-18 14:32:43', NULL, NULL),
(1120, 66, 'E 0826 YF', 2, '2023-10-18 14:32:43', 3, '2023-10-31 14:32:43'),
(1121, 46, 'O 5966 HTH', 4, '2023-10-18 14:32:43', NULL, NULL),
(1122, 18, 'Q 9341 QVE', 2, '2023-10-18 14:32:43', NULL, NULL),
(1123, 94, 'B 7436 FA', 2, '2023-10-18 14:32:43', NULL, NULL),
(1124, 32, 'S 8822 QP', 2, '2023-10-18 14:32:43', NULL, NULL),
(1125, 61, 'NO 9774 WEV', 3, '2023-10-18 14:32:43', NULL, NULL),
(1126, 20, 'VW 1346 TIO', 1, '2023-10-19 14:32:43', NULL, NULL),
(1127, 39, 'DY 3017 DFE', 3, '2023-10-19 14:32:43', 4, '2023-10-29 14:32:43'),
(1128, 70, 'TM 4772 KHL', 4, '2023-10-19 14:32:43', NULL, NULL),
(1129, 39, 'IU 8869 OMB', 3, '2023-10-19 14:32:43', 4, '2023-10-31 14:32:43'),
(1130, 53, 'ZS 3215 VZ', 2, '2023-10-19 14:32:43', 3, '2023-10-22 14:32:43'),
(1131, 77, 'RD 2401 EDO', 1, '2023-10-19 14:32:43', 2, '2023-10-29 14:32:43'),
(1132, 54, 'N 8446 TIH', 3, '2023-10-19 14:32:43', NULL, NULL),
(1133, 63, 'AR 5195 ZI', 3, '2023-10-19 14:32:43', NULL, NULL),
(1134, 24, 'Q 7066 SM', 4, '2023-10-19 14:32:43', 5, '2023-11-03 14:32:43'),
(1135, 85, 'B 1264 FO', 1, '2023-10-20 14:32:43', NULL, NULL),
(1136, 33, 'C 4120 SG', 3, '2023-10-20 14:32:43', 4, '2023-10-21 14:32:43'),
(1137, 37, 'GX 1466 BNO', 3, '2023-10-20 14:32:43', 4, '2023-10-21 14:32:43'),
(1138, 52, 'H 8303 WQ', 1, '2023-10-20 14:32:43', NULL, NULL),
(1139, 29, 'TG 4118 IGS', 2, '2023-10-20 14:32:43', 3, '2023-10-21 14:32:43'),
(1140, 71, 'M 0181 VC', 2, '2023-10-20 14:32:43', NULL, NULL),
(1141, 45, 'UU 5173 KNP', 4, '2023-10-20 14:32:43', NULL, NULL),
(1142, 7, 'MU 8752 JKL', 1, '2023-10-20 14:32:43', NULL, NULL),
(1143, 86, 'X 4807 PC', 1, '2023-10-20 14:32:43', 2, '2023-10-30 14:32:43'),
(1144, 38, 'A 8860 VFB', 3, '2023-10-21 14:32:43', NULL, NULL),
(1145, 66, 'UK 2903 FIJ', 4, '2023-10-21 14:32:43', 5, '2023-10-31 14:32:43'),
(1146, 53, 'U 8724 YDK', 4, '2023-10-21 14:32:43', 5, '2023-11-05 14:32:43'),
(1147, 41, 'OF 6687 VZ', 2, '2023-10-21 14:32:43', 3, '2023-11-04 14:32:43'),
(1148, 57, 'BH 7177 UZ', 3, '2023-10-21 14:32:43', 4, '2023-10-26 14:32:43'),
(1149, 53, 'JB 1426 WXV', 3, '2023-10-21 14:32:43', 4, '2023-10-31 14:32:43'),
(1150, 59, 'NE 3925 YOV', 2, '2023-10-21 14:32:43', NULL, NULL),
(1151, 32, 'Y 6216 MUR', 3, '2023-10-21 14:32:43', NULL, NULL),
(1152, 78, 'BS 9285 ZLE', 4, '2023-10-21 14:32:43', NULL, NULL),
(1153, 48, 'X 2639 WNE', 1, '2023-10-22 14:32:43', 2, '2023-11-05 14:32:43'),
(1154, 63, 'LH 3184 UDF', 3, '2023-10-22 14:32:43', 4, '2023-11-03 14:32:43'),
(1155, 92, 'Y 0527 WGE', 3, '2023-10-22 14:32:43', 4, '2023-11-06 14:32:43'),
(1156, 48, 'O 7653 DQH', 1, '2023-10-22 14:32:43', NULL, NULL),
(1157, 58, 'Y 9209 CO', 2, '2023-10-22 14:32:43', 3, '2023-11-06 14:32:43'),
(1158, 32, 'BG 2623 RMJ', 1, '2023-10-22 14:32:43', NULL, NULL),
(1159, 41, 'L 8402 LN', 4, '2023-10-22 14:32:43', NULL, NULL),
(1160, 88, 'JO 8453 AKK', 2, '2023-10-22 14:32:43', NULL, NULL),
(1161, 92, 'BD 0029 YR', 1, '2023-10-22 14:32:43', NULL, NULL),
(1162, 33, 'U 2288 NBZ', 2, '2023-10-23 14:32:43', 3, '2023-11-03 14:32:43'),
(1163, 52, 'B 5454 JFB', 2, '2023-10-23 14:32:43', 3, '2023-10-30 14:32:43'),
(1164, 15, 'HV 1418 BT', 4, '2023-10-23 14:32:43', 5, '2023-10-25 14:32:43'),
(1165, 77, 'D 1627 IR', 2, '2023-10-23 14:32:43', 3, '2023-10-29 14:32:43'),
(1166, 45, 'L 4568 SSZ', 3, '2023-10-23 14:32:43', NULL, NULL),
(1167, 94, 'P 6024 ZLR', 4, '2023-10-23 14:32:43', NULL, NULL),
(1168, 77, 'E 4742 JN', 4, '2023-10-23 14:32:43', 5, '2023-11-02 14:32:43'),
(1169, 82, 'OX 4560 IC', 1, '2023-10-23 14:32:43', NULL, NULL),
(1170, 58, 'P 4362 WGS', 4, '2023-10-23 14:32:43', NULL, NULL),
(1171, 11, 'NM 8782 KUH', 2, '2023-10-24 14:32:43', NULL, NULL),
(1172, 5, 'TZ 4870 DY', 1, '2023-10-24 14:32:43', 2, '2023-11-06 14:32:43'),
(1173, 13, 'I 0050 AXN', 3, '2023-10-24 14:32:43', NULL, NULL),
(1174, 43, 'II 7023 BJ', 2, '2023-10-24 14:32:43', 3, '2023-10-29 14:32:43'),
(1175, 30, 'G 4723 AG', 4, '2023-10-24 14:32:43', NULL, NULL),
(1176, 23, 'ZM 4546 IKZ', 1, '2023-10-24 14:32:43', NULL, NULL),
(1177, 47, 'PL 7919 NO', 1, '2023-10-24 14:32:43', NULL, NULL),
(1178, 24, 'P 2370 XV', 4, '2023-10-24 14:32:43', 5, '2023-11-02 14:32:43'),
(1179, 55, 'TY 6974 CYI', 2, '2023-10-24 14:32:43', NULL, NULL),
(1180, 39, 'Y 5866 LZ', 2, '2023-10-25 14:32:43', 3, '2023-11-01 14:32:43'),
(1181, 37, 'OA 4876 OO', 2, '2023-10-25 14:32:43', NULL, NULL),
(1182, 49, 'ZR 7092 UX', 4, '2023-10-25 14:32:43', 5, '2023-10-27 14:32:43'),
(1183, 60, 'KP 7803 KQ', 2, '2023-10-25 14:32:43', 3, '2023-11-02 14:32:43'),
(1184, 72, 'SR 5967 FEE', 2, '2023-10-25 14:32:43', 3, '2023-11-01 14:32:43'),
(1185, 84, 'XL 4485 FTS', 3, '2023-10-25 14:32:43', 4, '2023-10-28 14:32:43'),
(1186, 8, 'I 1230 PH', 3, '2023-10-25 14:32:43', 4, '2023-10-27 14:32:43'),
(1187, 37, 'G 4267 VNB', 3, '2023-10-25 14:32:43', NULL, NULL),
(1188, 98, 'J 1705 THV', 2, '2023-10-25 14:32:43', NULL, NULL),
(1189, 66, 'D 0539 GU', 4, '2023-10-26 14:32:43', 5, '2023-10-29 14:32:43'),
(1190, 89, 'J 5684 PY', 2, '2023-10-26 14:32:43', 3, '2023-10-30 14:32:43'),
(1191, 4, 'D 9460 UUR', 4, '2023-10-26 14:32:43', 5, '2023-11-04 14:32:43'),
(1192, 85, 'FM 5876 KGD', 4, '2023-10-26 14:32:43', 5, '2023-11-07 14:32:43'),
(1193, 85, 'Z 5187 MTB', 2, '2023-10-26 14:32:43', 3, '2023-11-06 14:32:43'),
(1194, 28, 'G 3214 ISX', 3, '2023-10-26 14:32:43', NULL, NULL),
(1195, 65, 'R 0641 SF', 1, '2023-10-26 14:32:43', NULL, NULL),
(1196, 85, 'Q 0932 YXY', 4, '2023-10-26 14:32:43', 5, '2023-11-09 14:32:43'),
(1197, 66, 'KY 2136 DI', 4, '2023-10-26 14:32:43', 5, '2023-10-29 14:32:43'),
(1198, 3, 'G 9046 NQ', 2, '2023-10-27 14:32:43', NULL, NULL),
(1199, 5, 'VY 2851 DM', 3, '2023-10-27 14:32:43', NULL, NULL),
(1200, 67, 'I 7963 QN', 3, '2023-10-27 14:32:43', 4, '2023-10-30 14:32:43'),
(1201, 97, 'EF 2946 TJK', 2, '2023-10-27 14:32:43', 3, '2023-11-04 14:32:43'),
(1202, 19, 'U 5625 KH', 2, '2023-10-27 14:32:43', NULL, NULL),
(1203, 28, 'FZ 1334 ITQ', 3, '2023-10-27 14:32:43', NULL, NULL),
(1204, 72, 'WB 3261 XM', 4, '2023-10-27 14:32:43', 5, '2023-11-09 14:32:43'),
(1205, 39, 'CI 5232 GQ', 2, '2023-10-27 14:32:43', 3, '2023-10-28 14:32:43'),
(1206, 11, 'AE 0242 CMY', 1, '2023-10-27 14:32:43', NULL, NULL),
(1207, 97, 'P 6343 AH', 2, '2023-10-28 14:32:43', 3, '2023-11-10 14:32:43'),
(1208, 25, 'M 0749 LQ', 3, '2023-10-28 14:32:43', 4, '2023-11-01 14:32:43'),
(1209, 66, 'AF 3666 SZF', 2, '2023-10-28 14:32:43', NULL, NULL),
(1210, 76, 'UG 9921 CHA', 3, '2023-10-28 14:32:43', NULL, NULL),
(1211, 20, 'WE 2201 LXM', 4, '2023-10-28 14:32:43', NULL, NULL),
(1212, 76, 'W 3881 QFV', 1, '2023-10-28 14:32:43', 2, '2023-11-10 14:32:43'),
(1213, 18, 'FR 9036 UO', 4, '2023-10-28 14:32:43', NULL, NULL),
(1214, 38, 'V 2311 THW', 2, '2023-10-28 14:32:43', 3, '2023-11-09 14:32:43'),
(1215, 22, 'Y 8550 UYA', 2, '2023-10-28 14:32:43', NULL, NULL),
(1216, 72, 'D 6988 UP', 4, '2023-10-29 14:32:43', 5, '2023-10-31 14:32:43'),
(1217, 88, 'CC 9576 VGF', 3, '2023-10-29 14:32:43', 4, '2023-11-11 14:32:43'),
(1218, 35, 'R 4382 QFD', 3, '2023-10-29 14:32:43', NULL, NULL),
(1219, 49, 'UR 8001 CW', 1, '2023-10-29 14:32:43', 2, '2023-11-06 14:32:43'),
(1220, 40, 'E 3929 JT', 4, '2023-10-29 14:32:43', 5, '2023-11-08 14:32:43'),
(1221, 65, 'Z 6403 DX', 4, '2023-10-29 14:32:43', NULL, NULL),
(1222, 22, 'DO 9265 CEW', 2, '2023-10-29 14:32:43', NULL, NULL),
(1223, 55, 'ER 7046 QV', 3, '2023-10-29 14:32:43', 4, '2023-11-09 14:32:43'),
(1224, 94, 'GM 5960 SBN', 1, '2023-10-29 14:32:43', 2, '2023-11-12 14:32:43'),
(1225, 87, 'EG 0276 ZV', 3, '2023-10-30 14:32:43', 4, '2023-11-05 14:32:43'),
(1226, 75, 'F 1146 SWG', 4, '2023-10-30 14:32:43', 5, '2023-11-06 14:32:43'),
(1227, 30, 'F 0863 GIS', 4, '2023-10-30 14:32:43', 5, '2023-11-07 14:32:43'),
(1228, 60, 'UZ 3305 UW', 1, '2023-10-30 14:32:43', NULL, NULL),
(1229, 24, 'UT 6515 RT', 4, '2023-10-30 14:32:43', 5, '2023-11-08 14:32:43'),
(1230, 84, 'F 0336 MO', 3, '2023-10-30 14:32:43', NULL, NULL),
(1231, 90, 'I 7538 IAJ', 2, '2023-10-30 14:32:43', NULL, NULL),
(1232, 20, 'TW 2151 CMQ', 1, '2023-10-30 14:32:43', NULL, NULL),
(1233, 83, 'YY 9689 DS', 4, '2023-10-30 14:32:43', 5, '2023-10-31 14:32:43'),
(1234, 86, 'N 3471 CMD', 2, '2023-10-31 14:32:43', 3, '2023-11-07 14:32:43'),
(1235, 94, 'W 3489 SXB', 4, '2023-10-31 14:32:43', NULL, NULL),
(1236, 2, 'O 5375 FLT', 1, '2023-10-31 14:32:43', NULL, NULL),
(1237, 39, 'P 6090 LIQ', 1, '2023-10-31 14:32:43', 2, '2023-11-12 14:32:43'),
(1238, 9, 'R 4540 XM', 3, '2023-10-31 14:32:43', NULL, NULL),
(1239, 29, 'E 7311 CLG', 4, '2023-10-31 14:32:43', NULL, NULL),
(1240, 6, 'B 2728 ZD', 2, '2023-10-31 14:32:43', 3, '2023-11-02 14:32:43'),
(1241, 13, 'R 0573 XGG', 2, '2023-10-31 14:32:43', NULL, NULL),
(1242, 82, 'WJ 6508 TY', 2, '2023-10-31 14:32:43', 3, '2023-11-14 14:32:43'),
(1243, 41, 'SU 8155 AZH', 1, '2023-11-01 14:32:43', 2, '2023-11-14 14:32:43'),
(1244, 32, 'PL 6075 DV', 2, '2023-11-01 14:32:43', NULL, NULL),
(1245, 92, 'G 1068 WW', 2, '2023-11-01 14:32:43', NULL, NULL),
(1246, 69, 'Y 0629 LH', 4, '2023-11-01 14:32:43', 5, '2023-11-08 14:32:43'),
(1247, 92, 'V 6992 NKD', 1, '2023-11-01 14:32:43', 2, '2023-11-04 14:32:43'),
(1248, 59, 'JF 2589 EMG', 3, '2023-11-01 14:32:43', NULL, NULL),
(1249, 87, 'EO 2928 GRF', 2, '2023-11-01 14:32:43', 3, '2023-11-13 14:32:43'),
(1250, 34, 'PD 8292 OI', 1, '2023-11-01 14:32:43', NULL, NULL),
(1251, 30, 'O 9987 ECX', 1, '2023-11-01 14:32:43', 2, '2023-11-16 14:32:43'),
(1252, 78, 'LV 9287 RCK', 2, '2023-11-02 14:32:43', 3, '2023-11-17 14:32:43'),
(1253, 28, 'B 6402 JR', 1, '2023-11-02 14:32:43', NULL, NULL),
(1254, 95, 'PB 9956 NQW', 1, '2023-11-02 14:32:43', 2, '2023-11-16 14:32:43'),
(1255, 86, 'VO 9364 NE', 3, '2023-11-02 14:32:43', NULL, NULL),
(1256, 74, 'D 6897 DCP', 1, '2023-11-02 14:32:43', 2, '2023-11-09 14:32:43'),
(1257, 12, 'NZ 0480 HRY', 2, '2023-11-02 14:32:43', NULL, NULL),
(1258, 28, 'M 9737 IC', 4, '2023-11-02 14:32:43', NULL, NULL),
(1259, 41, 'IE 8099 FW', 2, '2023-11-02 14:32:43', NULL, NULL),
(1260, 62, 'V 5731 XM', 2, '2023-11-02 14:32:43', NULL, NULL),
(1261, 89, 'RR 6401 LN', 4, '2023-11-03 14:32:43', 5, '2023-11-09 14:32:43'),
(1262, 61, 'E 1809 CTQ', 1, '2023-11-03 14:32:43', NULL, NULL),
(1263, 23, 'C 3962 ETT', 3, '2023-11-03 14:32:43', NULL, NULL),
(1264, 17, 'AO 5915 EP', 3, '2023-11-03 14:32:43', 4, '2023-11-11 14:32:43'),
(1265, 49, 'Y 9684 NGU', 1, '2023-11-03 14:32:43', 2, '2023-11-16 14:32:43'),
(1266, 99, 'A 7652 EZ', 4, '2023-11-03 14:32:43', 5, '2023-11-04 14:32:43'),
(1267, 79, 'ZZ 3876 WBU', 1, '2023-11-03 14:32:43', 2, '2023-11-07 14:32:43'),
(1268, 4, 'B 0165 ZWD', 1, '2023-11-03 14:32:43', 2, '2023-11-15 14:32:43'),
(1269, 94, 'P 0938 LEN', 4, '2023-11-03 14:32:43', NULL, NULL),
(1270, 64, 'S 0661 OM', 4, '2023-11-04 14:32:43', NULL, NULL),
(1271, 29, 'V 0464 EOE', 3, '2023-11-04 14:32:43', NULL, NULL),
(1272, 50, 'IY 5313 MS', 3, '2023-11-04 14:32:43', 4, '2023-11-17 14:32:43'),
(1273, 67, 'PU 9481 ARI', 2, '2023-11-04 14:32:43', 3, '2023-11-15 14:32:43'),
(1274, 50, 'Y 2091 NUA', 4, '2023-11-04 14:32:43', 5, '2023-11-06 14:32:43'),
(1275, 44, 'GJ 6549 DL', 2, '2023-11-04 14:32:43', 3, '2023-11-11 14:32:43'),
(1276, 86, 'E 3175 DY', 4, '2023-11-04 14:32:43', NULL, NULL),
(1277, 91, 'KB 2978 WS', 3, '2023-11-04 14:32:43', 4, '2023-11-19 14:32:43'),
(1278, 80, 'E 7237 OG', 3, '2023-11-04 14:32:43', NULL, NULL),
(1279, 30, 'GN 5839 IE', 1, '2023-11-05 14:32:43', NULL, NULL),
(1280, 77, 'M 3862 EO', 4, '2023-11-05 14:32:43', 5, '2023-11-18 14:32:43'),
(1281, 95, 'A 5535 ZBB', 3, '2023-11-05 14:32:43', 4, '2023-11-19 14:32:43'),
(1282, 69, 'N 5166 LN', 4, '2023-11-05 14:32:43', NULL, NULL),
(1283, 33, 'NW 8425 PF', 4, '2023-11-05 14:32:43', 5, '2023-11-12 14:32:43'),
(1284, 83, 'AB 4642 VR', 2, '2023-11-05 14:32:43', 3, '2023-11-11 14:32:43'),
(1285, 56, 'N 9949 UG', 3, '2023-11-05 14:32:43', 4, '2023-11-10 14:32:43'),
(1286, 57, 'JK 5199 FID', 4, '2023-11-05 14:32:43', 5, '2023-11-09 14:32:43'),
(1287, 49, 'OQ 2649 UN', 3, '2023-11-05 14:32:43', NULL, NULL),
(1288, 60, 'QD 4377 NT', 3, '2023-11-06 14:32:43', 4, '2023-11-07 14:32:43'),
(1289, 55, 'E 5198 LQ', 1, '2023-11-06 14:32:43', 2, '2023-11-07 14:32:43'),
(1290, 51, 'DH 4909 PPT', 4, '2023-11-06 14:32:43', 5, '2023-11-16 14:32:43'),
(1291, 47, 'K 9851 VF', 3, '2023-11-06 14:32:43', NULL, NULL),
(1292, 62, 'W 2438 GN', 3, '2023-11-06 14:32:43', 4, '2023-11-10 14:32:43'),
(1293, 75, 'XN 0148 KLV', 2, '2023-11-06 14:32:43', 3, '2023-11-10 14:32:43'),
(1294, 68, 'GL 3779 IQ', 2, '2023-11-06 14:32:43', NULL, NULL),
(1295, 17, 'D 0779 KW', 2, '2023-11-06 14:32:43', 3, '2023-11-19 14:32:43'),
(1296, 22, 'JF 3857 RFT', 3, '2023-11-06 14:32:43', 4, '2023-11-11 14:32:43'),
(1297, 77, 'G 2847 RWW', 3, '2023-11-07 14:32:43', NULL, NULL),
(1298, 27, 'I 8101 DUX', 3, '2023-11-07 14:32:43', 4, '2023-11-10 14:32:43'),
(1299, 23, 'W 6823 TKK', 3, '2023-11-07 14:32:43', 4, '2023-11-20 14:32:43'),
(1300, 82, 'L 4238 XU', 4, '2023-11-07 14:32:43', 5, '2023-11-16 14:32:43'),
(1301, 63, 'QK 5847 UK', 1, '2023-11-07 14:32:43', 2, '2023-11-08 14:32:43'),
(1302, 71, 'B 6373 XO', 3, '2023-11-07 14:32:43', NULL, NULL),
(1303, 77, 'T 6820 AL', 2, '2023-11-07 14:32:43', 3, '2023-11-17 14:32:43'),
(1304, 49, 'H 7872 QEI', 4, '2023-11-07 14:32:43', 5, '2023-11-11 14:32:43'),
(1305, 37, 'CI 6673 DUJ', 1, '2023-11-07 14:32:43', 2, '2023-11-19 14:32:43'),
(1306, 15, 'L 2748 TLJ', 3, '2023-11-08 14:32:43', 4, '2023-11-21 14:32:43'),
(1307, 91, 'Y 4250 WHZ', 2, '2023-11-08 14:32:43', 3, '2023-11-17 14:32:43'),
(1308, 78, 'K 6017 AI', 2, '2023-11-08 14:32:43', NULL, NULL),
(1309, 10, 'EZ 9453 IA', 4, '2023-11-08 14:32:43', 5, '2023-11-14 14:32:43'),
(1310, 54, 'O 3425 CZ', 4, '2023-11-08 14:32:43', 5, '2023-11-23 14:32:43'),
(1311, 46, 'WR 8645 BGD', 4, '2023-11-08 14:32:43', 5, '2023-11-15 14:32:43'),
(1312, 15, 'VH 5935 FC', 4, '2023-11-08 14:32:43', NULL, NULL),
(1313, 63, 'J 7155 YAA', 2, '2023-11-08 14:32:43', 3, '2023-11-21 14:32:43'),
(1314, 84, 'U 4872 OOE', 4, '2023-11-08 14:32:43', 5, '2023-11-22 14:32:43'),
(1315, 5, 'QG 1811 WO', 4, '2023-11-09 14:32:43', 5, '2023-11-20 14:32:43'),
(1316, 69, 'Z 0074 JCN', 4, '2023-11-09 14:32:43', 5, '2023-11-12 14:32:43'),
(1317, 88, 'B 5534 CQQ', 2, '2023-11-09 14:32:43', NULL, NULL),
(1318, 13, 'M 6815 IZ', 3, '2023-11-09 14:32:43', 4, '2023-11-22 14:32:43'),
(1319, 46, 'Q 4025 EQI', 2, '2023-11-09 14:32:43', NULL, NULL),
(1320, 84, 'K 7401 FYT', 3, '2023-11-09 14:32:43', 4, '2023-11-11 14:32:43'),
(1321, 69, 'Y 6288 AH', 4, '2023-11-09 14:32:43', 5, '2023-11-15 14:32:43'),
(1322, 41, 'UK 0127 ZYP', 1, '2023-11-09 14:32:43', 2, '2023-11-11 14:32:43'),
(1323, 24, 'W 6344 RHZ', 1, '2023-11-09 14:32:43', NULL, NULL),
(1324, 44, 'KV 7211 QM', 2, '2023-11-10 14:32:43', 3, '2023-11-16 14:32:43'),
(1325, 25, 'LO 1413 RC', 4, '2023-11-10 14:32:43', 5, '2023-11-12 14:32:43'),
(1326, 7, 'H 7267 PAM', 4, '2023-11-10 14:32:43', 5, '2023-11-12 14:32:43'),
(1327, 93, 'I 9041 SA', 3, '2023-11-10 14:32:43', NULL, NULL),
(1328, 55, 'Y 2601 RUM', 4, '2023-11-10 14:32:43', NULL, NULL),
(1329, 94, 'A 9804 WK', 4, '2023-11-10 14:32:43', NULL, NULL),
(1330, 6, 'A 4107 LT', 4, '2023-11-10 14:32:43', 5, '2023-11-17 14:32:43'),
(1331, 73, 'JX 4922 JIY', 1, '2023-11-10 14:32:43', NULL, NULL),
(1332, 60, 'S 5501 IF', 4, '2023-11-10 14:32:43', 5, '2023-11-13 14:32:43'),
(1333, 40, 'UT 9500 HD', 4, '2023-11-11 14:32:43', 5, '2023-11-22 14:32:43'),
(1334, 9, 'KZ 5071 XF', 4, '2023-11-11 14:32:43', 5, '2023-11-21 14:32:43'),
(1335, 68, 'EV 2218 NDQ', 1, '2023-11-11 14:32:43', NULL, NULL),
(1336, 17, 'S 1063 SX', 1, '2023-11-11 14:32:43', NULL, NULL),
(1337, 63, 'UD 4781 SV', 1, '2023-11-11 14:32:43', 2, '2023-11-19 14:32:43'),
(1338, 41, 'LS 9017 CGM', 2, '2023-11-11 14:32:43', NULL, NULL),
(1339, 21, 'B 9069 GWW', 3, '2023-11-11 14:32:43', 4, '2023-11-20 14:32:43'),
(1340, 97, 'KJ 8887 EAH', 4, '2023-11-11 14:32:43', NULL, NULL),
(1341, 41, 'H 8992 CJT', 2, '2023-11-11 14:32:43', NULL, NULL),
(1342, 96, 'W 0862 HI', 2, '2023-11-12 14:32:43', NULL, NULL),
(1343, 13, 'CH 8865 SQ', 3, '2023-11-12 14:32:43', NULL, NULL),
(1344, 15, 'V 0842 VJA', 3, '2023-11-12 14:32:43', 4, '2023-11-26 14:32:43'),
(1345, 69, 'OK 5108 FXP', 1, '2023-11-12 14:32:43', NULL, NULL),
(1346, 16, 'B 0227 LT', 4, '2023-11-12 14:32:43', 5, '2023-11-13 14:32:43'),
(1347, 25, 'N 4446 XAJ', 2, '2023-11-12 14:32:43', 3, '2023-11-17 14:32:43'),
(1348, 20, 'JI 5431 HP', 2, '2023-11-12 14:32:43', 3, '2023-11-14 14:32:43'),
(1349, 19, 'G 3558 RZ', 2, '2023-11-12 14:32:43', 3, '2023-11-19 14:32:43'),
(1350, 62, 'N 5683 SS', 1, '2023-11-12 14:32:43', NULL, NULL),
(1351, 54, 'A 8216 GNK', 4, '2023-11-13 14:32:43', 5, '2023-11-15 14:32:43'),
(1352, 88, 'LM 2684 SV', 2, '2023-11-13 14:32:43', 3, '2023-11-20 14:32:43'),
(1353, 4, 'LJ 8046 EI', 1, '2023-11-13 14:32:43', 2, '2023-11-19 14:32:43'),
(1354, 72, 'PL 2669 FU', 2, '2023-11-13 14:32:43', 3, '2023-11-15 14:32:43'),
(1355, 88, 'A 6593 RI', 1, '2023-11-13 14:32:43', 2, '2023-11-26 14:32:43'),
(1356, 67, 'LB 8022 VBS', 1, '2023-11-13 14:32:43', NULL, NULL),
(1357, 45, 'EZ 4076 XD', 3, '2023-11-13 14:32:43', NULL, NULL),
(1358, 25, 'W 7483 YRQ', 2, '2023-11-13 14:32:43', NULL, NULL),
(1359, 20, 'H 6503 ZWE', 1, '2023-11-13 14:32:43', 2, '2023-11-26 14:32:43'),
(1360, 63, 'RA 7244 LUQ', 1, '2023-11-14 14:32:43', NULL, NULL),
(1361, 85, 'M 2912 MXG', 2, '2023-11-14 14:32:43', 3, '2023-11-20 14:32:43'),
(1362, 91, 'SO 3874 NO', 4, '2023-11-14 14:32:43', 5, '2023-11-16 14:32:43'),
(1363, 87, 'R 8323 BMF', 3, '2023-11-14 14:32:43', 4, '2023-11-19 14:32:43'),
(1364, 48, 'SR 9874 NZ', 4, '2023-11-14 14:32:43', 5, '2023-11-18 14:32:43'),
(1365, 8, 'RU 6843 HI', 3, '2023-11-14 14:32:43', NULL, NULL),
(1366, 74, 'FU 4614 FZQ', 4, '2023-11-14 14:32:43', 5, '2023-11-16 14:32:43'),
(1367, 63, 'GK 1170 JJX', 1, '2023-11-14 14:32:43', NULL, NULL),
(1368, 19, 'FU 0208 VJX', 4, '2023-11-14 14:32:43', 5, '2023-11-17 14:32:43'),
(1369, 66, 'HO 2773 RQ', 3, '2023-11-15 14:32:43', 4, '2023-11-23 14:32:43'),
(1370, 73, 'P 3409 UK', 2, '2023-11-15 14:32:43', 3, '2023-11-25 14:32:43'),
(1371, 68, 'XE 3538 TCK', 2, '2023-11-15 14:32:43', 3, '2023-11-28 14:32:43'),
(1372, 18, 'DR 6636 LJ', 3, '2023-11-15 14:32:43', NULL, NULL),
(1373, 93, 'V 5574 ZR', 4, '2023-11-15 14:32:43', 5, '2023-11-17 14:32:43'),
(1374, 96, 'H 8379 RXA', 3, '2023-11-15 14:32:43', 4, '2023-11-22 14:32:43'),
(1375, 35, 'I 4603 EY', 3, '2023-11-15 14:32:43', NULL, NULL),
(1376, 47, 'J 4751 GG', 3, '2023-11-15 14:32:43', 4, '2023-11-19 14:32:43'),
(1377, 82, 'G 7279 LUE', 3, '2023-11-15 14:32:43', 4, '2023-11-23 14:32:43'),
(1378, 52, 'C 0481 NPQ', 1, '2023-11-16 14:32:43', NULL, NULL),
(1379, 83, 'I 2575 KZY', 3, '2023-11-16 14:32:43', NULL, NULL),
(1380, 31, 'XB 9630 IA', 3, '2023-11-16 14:32:43', 4, '2023-11-28 14:32:43'),
(1381, 37, 'OB 5898 WR', 3, '2023-11-16 14:32:43', NULL, NULL),
(1382, 93, 'XN 1946 CEF', 1, '2023-11-16 14:32:43', 2, '2023-11-22 14:32:43'),
(1383, 7, 'MU 9305 EBE', 2, '2023-11-16 14:32:43', NULL, NULL),
(1384, 22, 'V 6075 BQ', 1, '2023-11-16 14:32:43', 2, '2023-11-23 14:32:43'),
(1385, 54, 'RL 2382 QUC', 3, '2023-11-16 14:32:43', NULL, NULL),
(1386, 23, 'C 9779 UXS', 3, '2023-11-16 14:32:43', 4, '2023-11-18 14:32:43'),
(1387, 47, 'F 5848 TC', 2, '2023-11-17 14:32:43', 3, '2023-11-24 14:32:43'),
(1388, 71, 'LR 7426 EP', 1, '2023-11-17 14:32:43', NULL, NULL),
(1389, 9, 'Z 9164 KM', 1, '2023-11-17 14:32:43', 2, '2023-11-28 14:32:43'),
(1390, 25, 'Y 6942 BX', 1, '2023-11-17 14:32:43', NULL, NULL),
(1391, 83, 'Y 4162 GT', 1, '2023-11-17 14:32:43', 2, '2023-12-02 14:32:43'),
(1392, 70, 'U 3558 KQW', 1, '2023-11-17 14:32:43', NULL, NULL),
(1393, 45, 'Y 0598 VEO', 2, '2023-11-17 14:32:43', 3, '2023-11-27 14:32:43'),
(1394, 8, 'W 9550 EZI', 1, '2023-11-17 14:32:43', NULL, NULL),
(1395, 87, 'G 9462 MXR', 1, '2023-11-17 14:32:43', NULL, NULL),
(1396, 75, 'H 2574 TQ', 4, '2023-11-18 14:32:43', NULL, NULL),
(1397, 58, 'P 1889 VY', 3, '2023-11-18 14:32:43', NULL, NULL),
(1398, 28, 'ZQ 7199 ETA', 4, '2023-11-18 14:32:43', 5, '2023-11-24 14:32:43'),
(1399, 68, 'H 2457 NB', 1, '2023-11-18 14:32:43', NULL, NULL),
(1400, 15, 'Z 7655 YGQ', 2, '2023-11-18 14:32:43', NULL, NULL),
(1401, 73, 'CO 6712 MH', 2, '2023-11-18 14:32:43', NULL, NULL),
(1402, 32, 'PT 1795 JP', 3, '2023-11-18 14:32:43', 4, '2023-12-01 14:32:43'),
(1403, 28, 'XZ 6273 EJ', 1, '2023-11-18 14:32:43', NULL, NULL),
(1404, 77, 'A 5533 EGF', 4, '2023-11-18 14:32:43', NULL, NULL),
(1405, 70, 'ZJ 0724 DE', 2, '2023-11-19 14:32:43', 3, '2023-12-02 14:32:43'),
(1406, 27, 'PE 6451 TCS', 2, '2023-11-19 14:32:43', 3, '2023-12-04 14:32:43'),
(1407, 77, 'D 4461 BWV', 1, '2023-11-19 14:32:43', 2, '2023-11-22 14:32:43'),
(1408, 76, 'P 2967 ZKK', 1, '2023-11-19 14:32:43', NULL, NULL),
(1409, 42, 'J 3674 HWD', 2, '2023-11-19 14:32:43', 3, '2023-11-27 14:32:43'),
(1410, 81, 'AE 2598 LS', 2, '2023-11-19 14:32:43', NULL, NULL),
(1411, 26, 'U 3268 JX', 3, '2023-11-19 14:32:43', 4, '2023-12-02 14:32:43'),
(1412, 80, 'P 5482 SFH', 3, '2023-11-19 14:32:43', NULL, NULL),
(1413, 10, 'IO 4337 AGC', 4, '2023-11-19 14:32:43', NULL, NULL),
(1414, 49, 'L 9502 GIQ', 1, '2023-11-20 14:32:43', NULL, NULL),
(1415, 18, 'E 7287 JEU', 1, '2023-11-20 14:32:43', 2, '2023-11-22 14:32:43'),
(1416, 51, 'QS 5648 IXP', 2, '2023-11-20 14:32:43', 3, '2023-12-05 14:32:43'),
(1417, 1, 'WX 2490 VV', 1, '2023-11-20 14:32:43', NULL, NULL),
(1418, 63, 'E 1132 YAQ', 3, '2023-11-20 14:32:43', 4, '2023-12-03 14:32:43'),
(1419, 96, 'LQ 2864 XUK', 1, '2023-11-20 14:32:43', 2, '2023-11-22 14:32:43'),
(1420, 64, 'AC 7373 NT', 4, '2023-11-20 14:32:43', 5, '2023-11-23 14:32:43'),
(1421, 88, 'QA 8662 ABE', 4, '2023-11-20 14:32:43', NULL, NULL),
(1422, 17, 'H 7701 YME', 4, '2023-11-20 14:32:43', NULL, NULL),
(1423, 69, 'KM 9041 PDJ', 2, '2023-11-21 14:32:43', 3, '2023-11-29 14:32:43'),
(1424, 71, 'R 1860 UZX', 4, '2023-11-21 14:32:43', 5, '2023-11-26 14:32:43'),
(1425, 51, 'WA 3969 CXC', 3, '2023-11-21 14:32:43', 4, '2023-11-28 14:32:43'),
(1426, 42, 'C 2595 KFH', 4, '2023-11-21 14:32:43', 5, '2023-12-06 14:32:43'),
(1427, 71, 'WG 3059 ZM', 2, '2023-11-21 14:32:43', NULL, NULL),
(1428, 81, 'ZW 8524 CT', 1, '2023-11-21 14:32:43', 2, '2023-11-27 14:32:43'),
(1429, 80, 'M 9064 ZA', 1, '2023-11-21 14:32:43', NULL, NULL),
(1430, 23, 'ZU 9114 FH', 1, '2023-11-21 14:32:43', 2, '2023-11-25 14:32:43'),
(1431, 15, 'Z 0760 MZA', 1, '2023-11-21 14:32:43', 2, '2023-12-03 14:32:43'),
(1432, 47, 'G 0984 HDF', 3, '2023-11-22 14:32:43', NULL, NULL),
(1433, 75, 'I 1265 TI', 4, '2023-11-22 14:32:43', NULL, NULL),
(1434, 92, 'RP 6424 NWG', 1, '2023-11-22 14:32:43', NULL, NULL),
(1435, 72, 'VM 1515 GQ', 2, '2023-11-22 14:32:43', NULL, NULL),
(1436, 15, 'M 0132 DB', 1, '2023-11-22 14:32:43', NULL, NULL),
(1437, 13, 'IQ 4663 SO', 4, '2023-11-22 14:32:43', 5, '2023-11-29 14:32:43'),
(1438, 91, 'B 2233 WEV', 4, '2023-11-22 14:32:43', NULL, NULL),
(1439, 73, 'R 5682 OFF', 3, '2023-11-22 14:32:43', NULL, NULL),
(1440, 32, 'R 9703 ITJ', 4, '2023-11-22 14:32:43', NULL, NULL),
(1441, 29, 'K 3103 DPN', 2, '2023-11-23 14:32:43', 3, '2023-12-05 14:32:43'),
(1442, 74, 'C 4326 LH', 4, '2023-11-23 14:32:43', NULL, NULL),
(1443, 39, 'FK 2508 TEN', 3, '2023-11-23 14:32:43', 4, '2023-11-25 14:32:43'),
(1444, 47, 'EG 2240 EO', 4, '2023-11-23 14:32:43', NULL, NULL),
(1445, 86, 'CH 1756 HHU', 1, '2023-11-23 14:32:43', NULL, NULL),
(1446, 54, 'O 7745 VK', 3, '2023-11-23 14:32:43', 4, '2023-12-05 14:32:43'),
(1447, 20, 'M 9369 UZC', 3, '2023-11-23 14:32:43', 4, '2023-11-24 14:32:43'),
(1448, 48, 'Y 2210 NSO', 4, '2023-11-23 14:32:43', 5, '2023-11-29 14:32:43'),
(1449, 9, 'Z 3367 ZK', 3, '2023-11-23 14:32:43', 4, '2023-11-30 14:32:43'),
(1450, 93, 'VT 0753 QQQ', 3, '2023-11-24 14:32:43', 4, '2023-11-27 14:32:43'),
(1451, 34, 'RO 1301 WF', 3, '2023-11-24 14:32:43', 4, '2023-11-26 14:32:43'),
(1452, 30, 'I 4126 IHE', 4, '2023-11-24 14:32:43', 5, '2023-11-27 14:32:43'),
(1453, 62, 'RQ 9381 YN', 3, '2023-11-24 14:32:43', NULL, NULL),
(1454, 75, 'TM 5325 ST', 1, '2023-11-24 14:32:43', NULL, NULL),
(1455, 59, 'G 4225 GJ', 1, '2023-11-24 14:32:43', 2, '2023-11-26 14:32:43'),
(1456, 29, 'PX 9768 LM', 1, '2023-11-24 14:32:43', 2, '2023-12-08 14:32:43'),
(1457, 92, 'X 8797 GB', 1, '2023-11-24 14:32:43', 2, '2023-12-08 14:32:43'),
(1458, 14, 'ZD 4473 QT', 2, '2023-11-24 14:32:43', NULL, NULL),
(1459, 85, 'KD 7487 UYD', 4, '2023-11-25 14:32:43', NULL, NULL),
(1460, 30, 'F 8128 RR', 3, '2023-11-25 14:32:43', NULL, NULL),
(1461, 92, 'Z 0118 LT', 1, '2023-11-25 14:32:43', NULL, NULL),
(1462, 65, 'T 5628 IE', 4, '2023-11-25 14:32:43', NULL, NULL),
(1463, 93, 'IA 8012 OE', 4, '2023-11-25 14:32:43', NULL, NULL),
(1464, 81, 'ES 3523 UIL', 4, '2023-11-25 14:32:43', NULL, NULL),
(1465, 58, 'JL 6166 UV', 2, '2023-11-25 14:32:43', 3, '2023-12-02 14:32:43'),
(1466, 12, 'YJ 1055 EMJ', 2, '2023-11-25 14:32:43', NULL, NULL),
(1467, 93, 'HB 4421 UP', 4, '2023-11-25 14:32:43', NULL, NULL),
(1468, 6, 'T 1966 RNU', 4, '2023-11-26 14:32:43', NULL, NULL),
(1469, 27, 'GW 8603 EW', 2, '2023-11-26 14:32:43', 3, '2023-12-03 14:32:43'),
(1470, 98, 'M 4910 TSD', 4, '2023-11-26 14:32:43', 5, '2023-12-05 14:32:43'),
(1471, 46, 'HB 8296 UC', 1, '2023-11-26 14:32:43', 2, '2023-12-02 14:32:43'),
(1472, 83, 'DX 4867 FP', 3, '2023-11-26 14:32:43', NULL, NULL),
(1473, 29, 'I 7474 SBN', 1, '2023-11-26 14:32:43', NULL, NULL),
(1474, 98, 'O 8530 ZC', 3, '2023-11-26 14:32:43', NULL, NULL),
(1475, 9, 'NO 2559 GVJ', 2, '2023-11-26 14:32:43', 3, '2023-12-10 14:32:43'),
(1476, 77, 'R 4017 RNV', 2, '2023-11-26 14:32:43', 3, '2023-11-27 14:32:43'),
(1477, 41, 'O 2654 HUV', 3, '2023-11-27 14:32:43', 4, '2023-12-10 14:32:43'),
(1478, 49, 'G 7402 QEC', 4, '2023-11-27 14:32:43', NULL, NULL),
(1479, 1, 'T 6126 XTJ', 1, '2023-11-27 14:32:43', NULL, NULL),
(1480, 11, 'V 7775 TLT', 1, '2023-11-27 14:32:43', 2, '2023-12-03 14:32:43'),
(1481, 60, 'H 3618 EON', 3, '2023-11-27 14:32:43', 4, '2023-12-06 14:32:43'),
(1482, 17, 'RJ 3791 DXI', 2, '2023-11-27 14:32:43', NULL, NULL),
(1483, 78, 'P 3518 QM', 1, '2023-11-27 14:32:43', NULL, NULL),
(1484, 33, 'GA 1683 XD', 3, '2023-11-27 14:32:43', 4, '2023-11-29 14:32:43'),
(1485, 11, 'YA 9467 IKN', 3, '2023-11-27 14:32:43', NULL, NULL),
(1486, 32, 'PK 0057 CUB', 2, '2023-11-28 14:32:43', NULL, NULL),
(1487, 59, 'N 1250 GP', 2, '2023-11-28 14:32:43', NULL, NULL),
(1488, 50, 'I 6278 SFS', 2, '2023-11-28 14:32:43', NULL, NULL),
(1489, 14, 'KB 3357 XU', 4, '2023-11-28 14:32:43', 5, '2023-12-07 14:32:43'),
(1490, 39, 'Y 3907 YF', 4, '2023-11-28 14:32:43', NULL, NULL),
(1491, 89, 'IP 1596 GPD', 4, '2023-11-28 14:32:43', 5, '2023-12-02 14:32:43'),
(1492, 81, 'GH 3356 MZ', 1, '2023-11-28 14:32:43', 2, '2023-12-07 14:32:43'),
(1493, 77, 'H 1519 QEL', 1, '2023-11-28 14:32:43', 2, '2023-12-09 14:32:43'),
(1494, 6, 'BM 5589 SH', 4, '2023-11-28 14:32:43', NULL, NULL),
(1495, 21, 'GQ 8375 ZV', 2, '2023-11-29 14:32:43', NULL, NULL),
(1496, 37, 'HQ 5706 OGG', 4, '2023-11-29 14:32:43', NULL, NULL),
(1497, 82, 'P 7952 HX', 3, '2023-11-29 14:32:43', 4, '2023-12-10 14:32:43'),
(1498, 16, 'U 2603 MY', 4, '2023-11-29 14:32:43', 5, '2023-12-03 14:32:43'),
(1499, 25, 'QH 9064 BO', 1, '2023-11-29 14:32:43', NULL, NULL),
(1500, 42, 'U 1821 MB', 1, '2023-11-29 14:32:43', NULL, NULL);
INSERT INTO `parked_vehicles` (`id`, `vehicle_id`, `plate_number`, `entered_by_user_id`, `entered_at`, `left_by_user_id`, `left_at`) VALUES
(1501, 90, 'T 3615 LE', 4, '2023-11-29 14:32:43', NULL, NULL),
(1502, 17, 'V 7904 LB', 3, '2023-11-29 14:32:43', NULL, NULL),
(1503, 48, 'G 3257 CVI', 2, '2023-11-29 14:32:43', NULL, NULL),
(1504, 22, 'VV 3108 EQA', 4, '2023-11-30 14:32:43', NULL, NULL),
(1505, 71, 'SL 2446 MU', 1, '2023-11-30 14:32:43', NULL, NULL),
(1506, 7, 'F 6862 BFE', 1, '2023-11-30 14:32:43', 2, '2023-12-12 14:32:43'),
(1507, 58, 'L 2398 GQX', 4, '2023-11-30 14:32:43', NULL, NULL),
(1508, 29, 'E 8436 CQZ', 1, '2023-11-30 14:32:43', NULL, NULL),
(1509, 10, 'SH 8567 UMT', 1, '2023-11-30 14:32:43', 2, '2023-12-02 14:32:43'),
(1510, 88, 'A 6469 DJ', 2, '2023-11-30 14:32:43', NULL, NULL),
(1511, 46, 'U 4381 SCH', 4, '2023-11-30 14:32:43', NULL, NULL),
(1512, 2, 'IF 9066 ATC', 2, '2023-11-30 14:32:43', NULL, NULL),
(1513, 92, 'A 6773 DM', 1, '2023-12-01 14:32:43', 2, '2023-12-11 14:32:43'),
(1514, 43, 'U 8675 NX', 2, '2023-12-01 14:32:43', 3, '2023-12-06 14:32:43'),
(1515, 22, 'B 2446 GDD', 2, '2023-12-01 14:32:43', 3, '2023-12-14 14:32:43'),
(1516, 90, 'M 7794 AWK', 2, '2023-12-01 14:32:43', NULL, NULL),
(1517, 47, 'W 9347 BPK', 1, '2023-12-01 14:32:43', NULL, NULL),
(1518, 47, 'DX 3209 ZFZ', 1, '2023-12-01 14:32:43', 2, '2023-12-15 14:32:43'),
(1519, 19, 'W 7057 VZV', 3, '2023-12-01 14:32:43', 4, '2023-12-13 14:32:43'),
(1520, 34, 'VD 6771 ILP', 2, '2023-12-01 14:32:43', 3, '2023-12-08 14:32:43'),
(1521, 66, 'S 7115 TRJ', 2, '2023-12-01 14:32:43', NULL, NULL),
(1522, 47, 'F 8162 GJD', 3, '2023-12-02 14:32:43', 4, '2023-12-10 14:32:43'),
(1523, 14, 'YY 6030 MS', 4, '2023-12-02 14:32:43', 5, '2023-12-04 14:32:43'),
(1524, 38, 'L 5473 IS', 1, '2023-12-02 14:32:43', NULL, NULL),
(1525, 27, 'G 0102 BHC', 1, '2023-12-02 14:32:43', 2, '2023-12-13 14:32:43'),
(1526, 34, 'XJ 4868 NHX', 2, '2023-12-02 14:32:43', NULL, NULL),
(1527, 30, 'S 3900 XLP', 3, '2023-12-02 14:32:43', 4, '2023-12-06 14:32:43'),
(1528, 40, 'A 3922 XM', 3, '2023-12-02 14:32:43', NULL, NULL),
(1529, 73, 'R 3397 OG', 4, '2023-12-02 14:32:43', NULL, NULL),
(1530, 57, 'SR 6925 NAJ', 1, '2023-12-02 14:32:43', 2, '2023-12-15 14:32:43'),
(1531, 99, 'C 0990 LO', 4, '2023-12-03 14:32:43', 5, '2023-12-10 14:32:43'),
(1532, 81, 'F 3783 QPE', 1, '2023-12-03 14:32:43', NULL, NULL),
(1533, 92, 'Z 5407 LA', 4, '2023-12-03 14:32:43', 5, '2023-12-04 14:32:43'),
(1534, 51, 'FC 0085 BNQ', 1, '2023-12-03 14:32:43', 2, '2023-12-15 14:32:43'),
(1535, 82, 'LY 9365 CU', 2, '2023-12-03 14:32:43', 3, '2023-12-04 14:32:43'),
(1536, 47, 'P 4577 VH', 2, '2023-12-03 14:32:43', NULL, NULL),
(1537, 6, 'G 0761 WUK', 3, '2023-12-03 14:32:43', 4, '2023-12-11 14:32:43'),
(1538, 52, 'L 7457 AU', 4, '2023-12-03 14:32:43', 5, '2023-12-12 14:32:43'),
(1539, 55, 'L 0543 AN', 2, '2023-12-03 14:32:43', 3, '2023-12-15 14:32:43'),
(1540, 61, 'HI 0876 DPY', 4, '2023-12-04 14:32:43', 5, '2023-12-13 14:32:43'),
(1541, 25, 'US 6046 BF', 3, '2023-12-04 14:32:43', 4, '2023-12-16 14:32:43'),
(1542, 67, 'ME 6761 DC', 2, '2023-12-04 14:32:43', NULL, NULL),
(1543, 19, 'VJ 7643 EQJ', 2, '2023-12-04 14:32:43', NULL, NULL),
(1544, 39, 'L 5307 CQ', 3, '2023-12-04 14:32:43', NULL, NULL),
(1545, 23, 'R 2278 YW', 2, '2023-12-04 14:32:43', NULL, NULL),
(1546, 37, 'P 5005 GW', 1, '2023-12-04 14:32:43', NULL, NULL),
(1547, 67, 'L 5051 WAH', 1, '2023-12-04 14:32:43', 2, '2023-12-09 14:32:43'),
(1548, 27, 'QZ 8672 AX', 4, '2023-12-04 14:32:43', NULL, NULL),
(1549, 23, 'ZR 5984 AQP', 4, '2023-12-05 14:32:43', NULL, NULL),
(1550, 72, 'W 6070 MA', 1, '2023-12-05 14:32:43', NULL, NULL),
(1551, 44, 'U 0827 TB', 3, '2023-12-05 14:32:43', 4, '2023-12-16 14:32:43'),
(1552, 28, 'K 0350 UL', 4, '2023-12-05 14:32:43', NULL, NULL),
(1553, 81, 'ZR 1393 BNC', 2, '2023-12-05 14:32:43', 3, '2023-12-12 14:32:43'),
(1554, 50, 'EU 9608 YPB', 2, '2023-12-05 14:32:43', NULL, NULL),
(1555, 41, 'B 8691 VPM', 3, '2023-12-05 14:32:43', NULL, NULL),
(1556, 65, 'Z 3949 WXR', 2, '2023-12-05 14:32:43', 3, '2023-12-14 14:32:43'),
(1557, 69, 'XY 5288 NH', 1, '2023-12-05 14:32:43', NULL, NULL),
(1558, 12, 'X 6662 KT', 2, '2023-12-06 14:32:43', 3, '2023-12-08 14:32:43'),
(1559, 56, 'MW 6234 MY', 4, '2023-12-06 14:32:43', 5, '2023-12-21 14:32:43'),
(1560, 62, 'PK 6422 KS', 3, '2023-12-06 14:32:43', 4, '2023-12-11 14:32:43'),
(1561, 36, 'XF 6712 EC', 3, '2023-12-06 14:32:43', 4, '2023-12-19 14:32:43'),
(1562, 20, 'Y 5094 SAU', 1, '2023-12-06 14:32:43', NULL, NULL),
(1563, 7, 'CW 0549 MKQ', 2, '2023-12-06 14:32:43', 3, '2023-12-17 14:32:43'),
(1564, 41, 'NG 2827 KS', 3, '2023-12-06 14:32:43', NULL, NULL),
(1565, 70, 'E 4764 VCH', 3, '2023-12-06 14:32:43', 4, '2023-12-10 14:32:43'),
(1566, 79, 'A 5152 JO', 4, '2023-12-06 14:32:43', 5, '2023-12-14 14:32:43'),
(1567, 64, 'O 3970 NA', 1, '2023-12-07 14:32:43', NULL, NULL),
(1568, 39, 'NF 3515 MT', 2, '2023-12-07 14:32:43', NULL, NULL),
(1569, 94, 'JI 6825 TRN', 3, '2023-12-07 14:32:43', NULL, NULL),
(1570, 82, 'ZV 5457 LO', 4, '2023-12-07 14:32:43', 5, '2023-12-14 14:32:43'),
(1571, 86, 'JQ 4159 NUK', 2, '2023-12-07 14:32:43', 3, '2023-12-16 14:32:43'),
(1572, 3, 'Y 4776 PDJ', 4, '2023-12-07 14:32:43', 5, '2023-12-13 14:32:43'),
(1573, 98, 'A 6054 YW', 3, '2023-12-07 14:32:43', 4, '2023-12-13 14:32:43'),
(1574, 8, 'XK 5392 GWG', 3, '2023-12-07 14:32:43', NULL, NULL),
(1575, 56, 'KA 1439 JG', 4, '2023-12-07 14:32:43', NULL, NULL),
(1576, 69, 'H 9891 CF', 1, '2023-12-08 14:32:43', NULL, NULL),
(1577, 63, 'U 6728 GO', 4, '2023-12-08 14:32:43', 5, '2023-12-17 14:32:43'),
(1578, 23, 'D 2210 BX', 1, '2023-12-08 14:32:43', NULL, NULL),
(1579, 16, 'FW 8941 VCS', 2, '2023-12-08 14:32:43', NULL, NULL),
(1580, 61, 'YM 9872 KS', 2, '2023-12-08 14:32:43', 3, '2023-12-12 14:32:43'),
(1581, 58, 'E 4769 QVO', 4, '2023-12-08 14:32:43', NULL, NULL),
(1582, 52, 'J 7628 AR', 2, '2023-12-08 14:32:43', 3, '2023-12-21 14:32:43'),
(1583, 71, 'KM 3526 HL', 2, '2023-12-08 14:32:43', 3, '2023-12-10 14:32:43'),
(1584, 27, 'K 7222 GON', 1, '2023-12-08 14:32:43', 2, '2023-12-14 14:32:43'),
(1585, 93, 'J 9570 JRH', 2, '2023-12-09 14:32:43', NULL, NULL),
(1586, 94, 'R 1053 XUY', 3, '2023-12-09 14:32:43', 4, '2023-12-19 14:32:43'),
(1587, 52, 'LD 3715 TE', 4, '2023-12-09 14:32:43', NULL, NULL),
(1588, 42, 'F 8779 PO', 2, '2023-12-09 14:32:43', 3, '2023-12-14 14:32:43'),
(1589, 29, 'M 1532 WF', 4, '2023-12-09 14:32:43', 5, '2023-12-17 14:32:43'),
(1590, 95, 'GZ 5954 JK', 3, '2023-12-09 14:32:43', NULL, NULL),
(1591, 44, 'IH 5402 BII', 3, '2023-12-09 14:32:43', NULL, NULL),
(1592, 83, 'ZJ 4714 VOQ', 1, '2023-12-09 14:32:43', NULL, NULL),
(1593, 81, 'ZL 7198 BU', 3, '2023-12-09 14:32:43', NULL, NULL),
(1594, 44, 'GC 0215 AE', 3, '2023-12-10 14:32:43', 4, '2023-12-12 14:32:43'),
(1595, 26, 'S 5134 ZKQ', 1, '2023-12-10 14:32:43', NULL, NULL),
(1596, 86, 'X 5715 ERA', 3, '2023-12-10 14:32:43', NULL, NULL),
(1597, 16, 'DC 9203 LMI', 1, '2023-12-10 14:32:43', 2, '2023-12-20 14:32:43'),
(1598, 51, 'W 4251 JTV', 1, '2023-12-10 14:32:43', 2, '2023-12-15 14:32:43'),
(1599, 17, 'TE 4134 QJ', 2, '2023-12-10 14:32:43', 3, '2023-12-17 14:32:43'),
(1600, 6, 'J 7203 EAD', 1, '2023-12-10 14:32:43', NULL, NULL),
(1601, 94, 'CT 7116 KS', 1, '2023-12-10 14:32:43', 2, '2023-12-21 14:32:43'),
(1602, 64, 'B 6636 FLZ', 1, '2023-12-10 14:32:43', 2, '2023-12-15 14:32:43'),
(1603, 40, 'D 3066 WKL', 4, '2023-12-11 14:32:43', NULL, NULL),
(1604, 38, 'I 0665 REH', 1, '2023-12-11 14:32:43', NULL, NULL),
(1605, 37, 'SM 1970 HO', 1, '2023-12-11 14:32:43', 2, '2023-12-25 14:32:43'),
(1606, 61, 'H 6010 JI', 1, '2023-12-11 14:32:43', NULL, NULL),
(1607, 21, 'K 9475 RQZ', 4, '2023-12-11 14:32:43', NULL, NULL),
(1608, 35, 'Z 3559 OAC', 2, '2023-12-11 14:32:43', 3, '2023-12-20 14:32:43'),
(1609, 91, 'V 2978 BW', 1, '2023-12-11 14:32:43', NULL, NULL),
(1610, 94, 'AI 0657 TI', 1, '2023-12-11 14:32:43', 2, '2023-12-21 14:32:43'),
(1611, 45, 'K 5839 DAW', 3, '2023-12-11 14:32:43', NULL, NULL),
(1612, 42, 'K 8768 HL', 1, '2023-12-12 14:32:43', NULL, NULL),
(1613, 40, 'F 4761 WBZ', 1, '2023-12-12 14:32:43', 2, '2023-12-18 14:32:43'),
(1614, 2, 'XT 3260 WBW', 3, '2023-12-12 14:32:43', 4, '2023-12-21 14:32:43'),
(1615, 40, 'CZ 1146 PU', 3, '2023-12-12 14:32:43', 4, '2023-12-17 14:32:43'),
(1616, 85, 'E 9137 UW', 1, '2023-12-12 14:32:43', NULL, NULL),
(1617, 38, 'J 4109 QG', 2, '2023-12-12 14:32:43', NULL, NULL),
(1618, 47, 'G 8806 TEJ', 1, '2023-12-12 14:32:43', 2, '2023-12-13 14:32:43'),
(1619, 45, 'L 0108 OKO', 4, '2023-12-12 14:32:43', 5, '2023-12-26 14:32:43'),
(1620, 53, 'C 4011 AE', 3, '2023-12-12 14:32:43', 4, '2023-12-22 14:32:43');
